SNo,Name,Symbol,Date,High,Low,Open,Close,Volume,Marketcap
1,Compound,COMP,"Apr 21, 2023",$41.09,$38.26,$40.48,$38.73,"$26,544,273","$288,218,471"
2,Compound,COMP,"Apr 20, 2023",$41.85,$40.08,$41.46,$40.48,"$24,309,366","$294,157,364"
3,Compound,COMP,"Apr 19, 2023",$46.21,$40.91,$46.21,$41.47,"$34,091,620","$301,360,231"
4,Compound,COMP,"Apr 18, 2023",$46.78,$45.34,$45.47,$46.21,"$27,964,247","$335,821,472"
5,Compound,COMP,"Apr 17, 2023",$46.49,$44.66,$46.32,$45.47,"$24,432,842","$330,416,797"
6,Compound,COMP,"Apr 16, 2023",$46.77,$44.40,$45.19,$46.30,"$26,995,814","$336,478,356"
7,Compound,COMP,"Apr 15, 2023",$45.64,$44.47,$45.14,$45.19,"$23,033,864","$328,397,424"
8,Compound,COMP,"Apr 14, 2023",$45.69,$43.75,$44.36,$45.14,"$28,058,810","$328,042,420"
9,Compound,COMP,"Apr 13, 2023",$44.38,$42.47,$43.07,$44.35,"$21,867,991","$322,317,447"
10,Compound,COMP,"Apr 12, 2023",$43.68,$42.00,$43.51,$43.08,"$27,761,969","$313,041,703"
11,Compound,COMP,"Apr 11, 2023",$44.27,$43.45,$43.75,$43.51,"$21,667,662","$316,195,241"
12,Compound,COMP,"Apr 10, 2023",$43.79,$42.11,$42.87,$43.75,"$20,225,205","$317,972,288"
13,Compound,COMP,"Apr 09, 2023",$43.12,$41.75,$42.18,$42.87,"$18,958,982","$311,566,903"
14,Compound,COMP,"Apr 08, 2023",$42.70,$41.81,$42.66,$42.18,"$18,044,876","$306,502,226"
15,Compound,COMP,"Apr 07, 2023",$43.45,$42.00,$43.12,$42.66,"$18,703,263","$309,982,580"
16,Compound,COMP,"Apr 06, 2023",$43.77,$42.56,$43.77,$43.12,"$21,151,566","$313,361,980"
17,Compound,COMP,"Apr 05, 2023",$44.66,$43.16,$43.63,$43.78,"$23,122,251","$318,160,187"
18,Compound,COMP,"Apr 04, 2023",$43.99,$42.14,$42.65,$43.63,"$21,495,724","$317,089,894"
19,Compound,COMP,"Apr 03, 2023",$43.35,$41.16,$42.29,$42.65,"$25,880,628","$309,939,151"
20,Compound,COMP,"Apr 02, 2023",$44.22,$41.75,$43.60,$42.29,"$19,859,009","$307,303,814"
21,Compound,COMP,"Apr 01, 2023",$43.72,$42.72,$43.14,$43.61,"$19,109,529","$316,900,616"
22,Compound,COMP,"Mar 31, 2023",$43.26,$41.46,$42.37,$43.14,"$21,818,105","$313,533,612"
23,Compound,COMP,"Mar 30, 2023",$44.14,$41.50,$43.61,$42.37,"$24,995,973","$307,880,763"
24,Compound,COMP,"Mar 29, 2023",$43.98,$41.73,$41.77,$43.61,"$23,013,520","$316,931,546"
25,Compound,COMP,"Mar 28, 2023",$42.28,$40.50,$41.14,$41.77,"$16,606,139","$303,551,556"
26,Compound,COMP,"Mar 27, 2023",$42.85,$40.13,$42.66,$41.14,"$22,768,280","$298,959,423"
27,Compound,COMP,"Mar 26, 2023",$43.00,$41.81,$41.92,$42.66,"$15,473,184","$310,031,264"
28,Compound,COMP,"Mar 25, 2023",$42.66,$41.64,$42.42,$41.92,"$15,761,065","$304,653,034"
29,Compound,COMP,"Mar 24, 2023",$44.41,$41.88,$44.15,$42.42,"$22,548,511","$308,285,196"
30,Compound,COMP,"Mar 23, 2023",$44.65,$42.19,$42.71,$44.15,"$21,871,799","$320,837,360"
31,Compound,COMP,"Mar 22, 2023",$45.69,$41.70,$45.69,$42.71,"$29,618,468","$310,380,310"
32,Compound,COMP,"Mar 21, 2023",$45.70,$42.92,$43.74,$45.70,"$24,906,668","$332,094,877"
33,Compound,COMP,"Mar 20, 2023",$46.44,$43.69,$46.19,$43.74,"$30,453,109","$317,834,988"
34,Compound,COMP,"Mar 19, 2023",$47.42,$44.92,$44.92,$46.20,"$24,314,296","$335,726,147"
35,Compound,COMP,"Mar 18, 2023",$47.84,$44.84,$46.77,$44.92,"$30,659,938","$326,469,753"
36,Compound,COMP,"Mar 17, 2023",$46.77,$42.69,$43.29,$46.76,"$29,920,945","$339,841,751"
37,Compound,COMP,"Mar 16, 2023",$43.72,$42.29,$42.76,$43.29,"$24,579,354","$314,585,343"
38,Compound,COMP,"Mar 15, 2023",$47.94,$41.68,$46.69,$42.74,"$38,694,235","$310,626,957"
39,Compound,COMP,"Mar 14, 2023",$48.44,$43.32,$44.89,$46.70,"$42,794,146","$339,369,184"
40,Compound,COMP,"Mar 13, 2023",$45.28,$41.09,$42.62,$44.91,"$39,524,268","$326,401,058"
41,Compound,COMP,"Mar 12, 2023",$42.63,$37.75,$38.20,$42.63,"$27,245,428","$309,787,516"
42,Compound,COMP,"Mar 11, 2023",$39.79,$36.35,$38.81,$38.20,"$32,060,633","$277,639,132"
43,Compound,COMP,"Mar 10, 2023",$39.03,$36.04,$38.71,$38.81,"$33,987,701","$282,023,955"
44,Compound,COMP,"Mar 09, 2023",$42.40,$38.23,$41.14,$38.70,"$30,413,544","$281,266,783"
45,Compound,COMP,"Mar 08, 2023",$45.81,$41.13,$45.39,$41.13,"$24,577,474","$298,932,205"
46,Compound,COMP,"Mar 07, 2023",$46.89,$44.52,$46.35,$45.38,"$20,557,035","$329,812,530"
47,Compound,COMP,"Mar 06, 2023",$46.80,$44.95,$45.74,$46.35,"$20,959,427","$336,860,329"
48,Compound,COMP,"Mar 05, 2023",$47.39,$45.61,$46.60,$45.73,"$20,772,600","$332,361,029"
49,Compound,COMP,"Mar 04, 2023",$48.50,$45.87,$47.58,$46.60,"$24,358,483","$338,646,246"
50,Compound,COMP,"Mar 03, 2023",$49.89,$45.04,$49.85,$47.58,"$32,875,910","$345,740,300"
51,Compound,COMP,"Mar 02, 2023",$51.79,$48.68,$51.74,$49.85,"$27,381,485","$362,231,720"
52,Compound,COMP,"Mar 01, 2023",$51.80,$48.62,$48.85,$51.74,"$26,634,364","$376,005,867"
53,Compound,COMP,"Feb 28, 2023",$50.36,$48.54,$50.27,$48.86,"$24,367,946","$355,106,971"
54,Compound,COMP,"Feb 27, 2023",$52.51,$50.26,$51.76,$50.26,"$28,785,818","$365,244,223"
55,Compound,COMP,"Feb 26, 2023",$52.12,$50.23,$50.60,$51.78,"$26,049,559","$376,262,660"
56,Compound,COMP,"Feb 25, 2023",$51.27,$48.71,$50.83,$50.62,"$27,694,725","$367,828,737"
57,Compound,COMP,"Feb 24, 2023",$54.03,$49.91,$53.47,$50.83,"$38,099,431","$369,400,662"
58,Compound,COMP,"Feb 23, 2023",$55.20,$52.73,$54.28,$53.48,"$32,136,439","$388,627,627"
59,Compound,COMP,"Feb 22, 2023",$57.55,$52.33,$57.51,$54.27,"$38,430,133","$394,379,974"
60,Compound,COMP,"Feb 21, 2023",$59.55,$55.67,$57.88,$57.51,"$56,900,428","$417,915,217"
61,Compound,COMP,"Feb 20, 2023",$57.86,$55.74,$56.71,$57.86,"$50,751,753","$420,506,746"
62,Compound,COMP,"Feb 19, 2023",$63.28,$53.49,$54.78,$56.71,"$130,926,015","$412,085,210"
63,Compound,COMP,"Feb 18, 2023",$55.63,$52.06,$52.09,$54.79,"$51,122,777","$398,164,511"
64,Compound,COMP,"Feb 17, 2023",$52.75,$48.67,$48.78,$52.09,"$36,061,950","$378,519,325"
65,Compound,COMP,"Feb 16, 2023",$53.34,$48.71,$51.88,$48.78,"$44,693,791","$354,457,049"
66,Compound,COMP,"Feb 15, 2023",$52.03,$48.70,$49.04,$51.87,"$31,320,115","$376,978,195"
67,Compound,COMP,"Feb 14, 2023",$49.54,$47.66,$48.66,$49.03,"$25,129,574","$356,324,218"
68,Compound,COMP,"Feb 13, 2023",$49.68,$47.00,$48.57,$48.66,"$31,911,720","$353,642,793"
69,Compound,COMP,"Feb 12, 2023",$50.39,$48.20,$50.20,$48.57,"$17,042,019","$352,956,371"
70,Compound,COMP,"Feb 11, 2023",$50.62,$49.61,$49.82,$50.20,"$14,010,697","$364,831,871"
71,Compound,COMP,"Feb 10, 2023",$50.45,$48.62,$49.20,$49.82,"$30,397,077","$362,023,896"
72,Compound,COMP,"Feb 09, 2023",$56.40,$48.61,$56.02,$49.20,"$51,062,860","$357,535,060"
73,Compound,COMP,"Feb 08, 2023",$58.17,$54.27,$57.23,$56.01,"$40,043,266","$407,015,361"
74,Compound,COMP,"Feb 07, 2023",$57.90,$51.50,$51.54,$57.24,"$58,993,477","$415,984,745"
75,Compound,COMP,"Feb 06, 2023",$53.28,$51.41,$52.00,$51.54,"$25,039,622","$374,513,283"
76,Compound,COMP,"Feb 05, 2023",$54.11,$51.30,$53.75,$52.00,"$35,265,155","$377,927,917"
77,Compound,COMP,"Feb 04, 2023",$54.71,$53.29,$54.40,$53.75,"$20,979,804","$390,611,909"
78,Compound,COMP,"Feb 03, 2023",$55.10,$52.58,$52.58,$54.40,"$34,063,562","$395,304,020"
79,Compound,COMP,"Feb 02, 2023",$58.17,$52.35,$55.55,$52.58,"$63,333,104","$382,096,418"
80,Compound,COMP,"Feb 01, 2023",$55.68,$50.55,$52.05,$55.56,"$25,686,413","$403,764,611"
81,Compound,COMP,"Jan 31, 2023",$53.27,$51.34,$51.63,$52.06,"$16,665,672","$378,324,214"
82,Compound,COMP,"Jan 30, 2023",$57.01,$51.08,$56.08,$51.63,"$27,714,355","$375,169,864"
83,Compound,COMP,"Jan 29, 2023",$57.15,$55.33,$55.70,$56.07,"$30,659,815","$407,460,765"
84,Compound,COMP,"Jan 28, 2023",$57.97,$54.89,$57.74,$55.69,"$34,148,346","$404,686,360"
85,Compound,COMP,"Jan 27, 2023",$61.04,$52.23,$55.20,$57.75,"$60,886,995","$419,694,190"
86,Compound,COMP,"Jan 26, 2023",$55.22,$50.93,$51.24,$55.22,"$38,638,751","$401,319,979"
87,Compound,COMP,"Jan 25, 2023",$52.11,$47.61,$48.22,$51.26,"$26,343,574","$372,512,920"
88,Compound,COMP,"Jan 24, 2023",$53.41,$47.94,$52.17,$48.22,"$34,036,087","$350,408,032"
89,Compound,COMP,"Jan 23, 2023",$53.74,$51.36,$51.38,$52.19,"$28,302,471","$379,302,435"
90,Compound,COMP,"Jan 22, 2023",$53.47,$49.90,$51.13,$51.37,"$25,569,933","$373,294,350"
91,Compound,COMP,"Jan 21, 2023",$53.74,$51.00,$51.30,$51.14,"$37,640,388","$371,610,499"
92,Compound,COMP,"Jan 20, 2023",$51.71,$47.42,$48.43,$51.29,"$28,151,579","$372,750,560"
93,Compound,COMP,"Jan 19, 2023",$49.71,$46.46,$49.71,$48.43,"$27,188,106","$351,944,130"
94,Compound,COMP,"Jan 18, 2023",$52.75,$47.70,$51.57,$49.72,"$52,812,356","$361,334,634"
95,Compound,COMP,"Jan 17, 2023",$54.31,$50.75,$51.58,$51.57,"$43,699,606","$374,746,431"
96,Compound,COMP,"Jan 16, 2023",$56.12,$51.34,$52.22,$51.60,"$49,172,775","$375,014,157"
97,Compound,COMP,"Jan 15, 2023",$53.28,$49.54,$52.41,$52.22,"$50,622,573","$379,508,720"
98,Compound,COMP,"Jan 14, 2023",$55.01,$39.44,$39.44,$52.41,"$167,744,029","$380,837,367"
99,Compound,COMP,"Jan 13, 2023",$39.56,$37.34,$37.71,$39.44,"$22,437,833","$286,594,166"
100,Compound,COMP,"Jan 12, 2023",$37.80,$35.93,$36.14,$37.71,"$26,675,964","$274,018,272"
101,Compound,COMP,"Jan 11, 2023",$36.32,$34.59,$36.14,$36.14,"$16,305,430","$262,638,293"
102,Compound,COMP,"Jan 10, 2023",$36.41,$35.19,$35.49,$36.12,"$16,941,094","$262,514,511"
103,Compound,COMP,"Jan 09, 2023",$36.91,$34.92,$34.92,$35.49,"$26,304,621","$257,943,591"
104,Compound,COMP,"Jan 08, 2023",$35.01,$33.74,$34.14,$34.94,"$16,987,705","$253,906,210"
105,Compound,COMP,"Jan 07, 2023",$34.17,$33.55,$33.55,$34.15,"$14,139,085","$248,142,763"
106,Compound,COMP,"Jan 06, 2023",$33.67,$32.59,$33.18,$33.54,"$20,685,168","$243,774,471"
107,Compound,COMP,"Jan 05, 2023",$33.53,$32.67,$33.23,$33.18,"$20,743,460","$241,152,811"
108,Compound,COMP,"Jan 04, 2023",$34.12,$31.20,$31.23,$33.23,"$35,827,081","$241,514,838"
109,Compound,COMP,"Jan 03, 2023",$32.05,$31.00,$31.95,$31.23,"$14,813,866","$226,953,058"
110,Compound,COMP,"Jan 02, 2023",$32.26,$30.97,$31.58,$31.95,"$17,654,441","$232,159,472"
111,Compound,COMP,"Jan 01, 2023",$32.06,$30.90,$31.19,$31.58,"$21,598,896","$229,523,250"
112,Compound,COMP,"Dec 31, 2022",$31.88,$30.01,$30.68,$31.20,"$43,732,266","$226,701,348"
113,Compound,COMP,"Dec 30, 2022",$31.58,$30.29,$31.15,$30.66,"$16,088,478","$222,838,418"
114,Compound,COMP,"Dec 29, 2022",$32.00,$30.65,$31.95,$31.15,"$13,656,043","$226,374,562"
115,Compound,COMP,"Dec 28, 2022",$33.04,$31.88,$32.74,$31.95,"$12,428,368","$232,218,123"
116,Compound,COMP,"Dec 27, 2022",$33.37,$32.12,$32.30,$32.74,"$16,007,088","$237,897,561"
117,Compound,COMP,"Dec 26, 2022",$32.33,$31.63,$31.83,$32.30,"$12,286,098","$234,727,508"
118,Compound,COMP,"Dec 25, 2022",$32.84,$31.31,$32.84,$31.83,"$10,824,359","$231,311,870"
119,Compound,COMP,"Dec 24, 2022",$33.06,$32.55,$33.01,$32.85,"$9,152,769","$238,693,806"
120,Compound,COMP,"Dec 23, 2022",$33.75,$33.00,$33.61,$33.01,"$10,402,591","$239,880,135"
121,Compound,COMP,"Dec 22, 2022",$33.61,$32.38,$33.16,$33.61,"$14,024,353","$244,217,594"
122,Compound,COMP,"Dec 21, 2022",$33.66,$32.73,$33.66,$33.15,"$13,428,447","$240,939,150"
123,Compound,COMP,"Dec 20, 2022",$33.72,$31.45,$31.45,$33.65,"$14,767,551","$244,573,643"
124,Compound,COMP,"Dec 19, 2022",$34.29,$31.35,$33.75,$31.45,"$17,735,613","$228,538,008"
125,Compound,COMP,"Dec 18, 2022",$34.19,$33.40,$34.16,$33.75,"$10,327,545","$245,246,081"
126,Compound,COMP,"Dec 17, 2022",$34.52,$33.33,$34.08,$34.16,"$18,220,118","$248,282,018"
127,Compound,COMP,"Dec 16, 2022",$39.70,$33.68,$39.55,$34.07,"$24,120,703","$247,622,136"
128,Compound,COMP,"Dec 15, 2022",$40.27,$38.61,$39.35,$39.56,"$17,577,004","$287,452,396"
129,Compound,COMP,"Dec 14, 2022",$40.16,$39.14,$39.25,$39.35,"$20,424,750","$285,985,970"
130,Compound,COMP,"Dec 13, 2022",$39.77,$38.05,$39.19,$39.24,"$20,788,218","$285,146,570"
131,Compound,COMP,"Dec 12, 2022",$39.50,$37.04,$37.85,$39.19,"$19,603,969","$284,789,478"
132,Compound,COMP,"Dec 11, 2022",$39.75,$37.80,$39.36,$37.85,"$13,288,924","$275,095,328"
133,Compound,COMP,"Dec 10, 2022",$40.26,$39.22,$39.22,$39.36,"$16,101,185","$286,028,427"
134,Compound,COMP,"Dec 09, 2022",$39.84,$38.17,$38.58,$39.22,"$22,598,966","$285,023,509"
135,Compound,COMP,"Dec 08, 2022",$38.73,$37.25,$37.63,$38.57,"$18,241,878","$280,302,646"
136,Compound,COMP,"Dec 07, 2022",$38.91,$36.65,$38.46,$37.64,"$24,397,525","$273,538,030"
137,Compound,COMP,"Dec 06, 2022",$38.87,$37.67,$38.87,$38.46,"$15,844,521","$279,522,347"
138,Compound,COMP,"Dec 05, 2022",$39.38,$37.71,$37.80,$38.87,"$21,598,969","$282,457,787"
139,Compound,COMP,"Dec 04, 2022",$37.83,$37.03,$37.06,$37.81,"$11,291,549","$274,790,008"
140,Compound,COMP,"Dec 03, 2022",$38.65,$36.98,$38.44,$37.05,"$13,068,546","$269,282,000"
141,Compound,COMP,"Dec 02, 2022",$38.45,$37.07,$37.43,$38.44,"$15,452,809","$279,332,071"
142,Compound,COMP,"Dec 01, 2022",$38.65,$37.31,$38.56,$37.42,"$16,642,174","$271,957,213"
143,Compound,COMP,"Nov 30, 2022",$38.72,$36.91,$37.15,$38.56,"$19,503,272","$280,221,829"
144,Compound,COMP,"Nov 29, 2022",$38.32,$36.93,$37.20,$37.15,"$14,411,480","$269,973,046"
145,Compound,COMP,"Nov 28, 2022",$37.49,$35.90,$37.25,$37.21,"$16,781,725","$270,403,943"
146,Compound,COMP,"Nov 27, 2022",$38.92,$37.26,$37.96,$37.26,"$16,094,779","$270,774,360"
147,Compound,COMP,"Nov 26, 2022",$39.22,$37.66,$38.20,$37.96,"$11,739,226","$275,852,152"
148,Compound,COMP,"Nov 25, 2022",$38.67,$37.05,$37.92,$38.20,"$12,806,356","$277,600,863"
149,Compound,COMP,"Nov 24, 2022",$38.93,$37.61,$38.60,$37.93,"$13,489,998","$275,607,402"
150,Compound,COMP,"Nov 23, 2022",$39.03,$37.70,$37.72,$38.59,"$18,750,682","$280,459,835"
151,Compound,COMP,"Nov 22, 2022",$38.10,$36.15,$37.13,$37.72,"$17,229,966","$274,107,465"
152,Compound,COMP,"Nov 21, 2022",$38.39,$36.41,$37.74,$37.14,"$15,676,484","$269,865,887"
153,Compound,COMP,"Nov 20, 2022",$40.13,$37.61,$39.76,$37.74,"$12,861,688","$274,289,625"
154,Compound,COMP,"Nov 19, 2022",$39.91,$38.17,$38.95,$39.76,"$9,685,988","$288,973,037"
155,Compound,COMP,"Nov 18, 2022",$40.25,$38.18,$38.75,$38.96,"$13,202,062","$283,118,989"
156,Compound,COMP,"Nov 17, 2022",$41.11,$38.74,$39.77,$38.74,"$18,364,894","$281,562,498"
157,Compound,COMP,"Nov 16, 2022",$41.50,$39.45,$40.98,$39.78,"$18,344,489","$289,067,162"
158,Compound,COMP,"Nov 15, 2022",$43.03,$38.25,$38.64,$40.98,"$30,999,153","$297,822,297"
159,Compound,COMP,"Nov 14, 2022",$39.78,$35.77,$38.74,$38.63,"$26,313,275","$280,749,194"
160,Compound,COMP,"Nov 13, 2022",$39.91,$37.40,$37.63,$38.74,"$20,921,979","$281,563,174"
161,Compound,COMP,"Nov 12, 2022",$40.28,$37.50,$39.78,$37.63,"$22,670,809","$273,494,022"
162,Compound,COMP,"Nov 11, 2022",$41.60,$37.17,$40.91,$39.77,"$41,880,475","$288,992,120"
163,Compound,COMP,"Nov 10, 2022",$41.28,$34.21,$34.60,$40.94,"$95,766,085","$297,531,705"
164,Compound,COMP,"Nov 09, 2022",$42.72,$33.62,$42.06,$34.61,"$57,937,584","$251,528,202"
165,Compound,COMP,"Nov 08, 2022",$50.91,$38.78,$50.21,$42.06,"$77,383,815","$305,632,824"
166,Compound,COMP,"Nov 07, 2022",$50.73,$48.33,$48.67,$50.22,"$36,943,569","$364,972,320"
167,Compound,COMP,"Nov 06, 2022",$51.96,$48.70,$51.86,$48.70,"$32,908,737","$353,936,070"
168,Compound,COMP,"Nov 05, 2022",$52.92,$51.43,$51.67,$51.84,"$44,792,790","$376,695,487"
169,Compound,COMP,"Nov 04, 2022",$52.14,$47.38,$47.60,$51.67,"$51,924,265","$375,516,957"
170,Compound,COMP,"Nov 03, 2022",$49.12,$46.53,$46.55,$47.61,"$35,104,969","$345,963,773"
171,Compound,COMP,"Nov 02, 2022",$48.63,$45.78,$48.55,$46.55,"$43,170,153","$338,260,232"
172,Compound,COMP,"Nov 01, 2022",$50.55,$48.47,$50.29,$48.55,"$38,254,020","$352,837,036"
173,Compound,COMP,"Oct 31, 2022",$51.26,$49.64,$50.44,$50.29,"$34,472,734","$365,483,329"
174,Compound,COMP,"Oct 30, 2022",$53.28,$49.94,$50.98,$50.44,"$39,330,155","$366,522,012"
175,Compound,COMP,"Oct 29, 2022",$52.37,$50.44,$51.62,$50.98,"$46,434,875","$370,456,261"
176,Compound,COMP,"Oct 28, 2022",$52.20,$49.83,$50.65,$51.62,"$48,013,655","$375,160,249"
177,Compound,COMP,"Oct 27, 2022",$54.28,$50.54,$52.70,$50.65,"$40,216,491","$368,066,870"
178,Compound,COMP,"Oct 26, 2022",$53.24,$50.70,$50.86,$52.70,"$38,451,400","$382,957,921"
179,Compound,COMP,"Oct 25, 2022",$52.41,$49.27,$49.89,$50.87,"$78,558,802","$369,711,411"
180,Compound,COMP,"Oct 24, 2022",$51.34,$49.25,$51.26,$49.89,"$22,126,836","$362,543,655"
181,Compound,COMP,"Oct 23, 2022",$51.39,$49.31,$50.43,$51.27,"$18,874,296","$372,562,260"
182,Compound,COMP,"Oct 22, 2022",$50.84,$49.65,$50.10,$50.43,"$14,350,571","$366,501,768"
183,Compound,COMP,"Oct 21, 2022",$50.14,$47.75,$49.17,$50.10,"$27,279,145","$364,063,420"
184,Compound,COMP,"Oct 20, 2022",$50.87,$48.80,$50.03,$49.18,"$48,334,161","$357,369,972"
185,Compound,COMP,"Oct 19, 2022",$53.86,$50.03,$52.77,$50.04,"$40,733,100","$363,670,337"
186,Compound,COMP,"Oct 18, 2022",$55.33,$51.76,$54.98,$52.78,"$44,287,969","$383,531,817"
187,Compound,COMP,"Oct 17, 2022",$56.20,$54.07,$54.98,$54.99,"$24,177,840","$399,620,101"
188,Compound,COMP,"Oct 16, 2022",$55.46,$54.00,$54.00,$54.99,"$12,613,813","$399,587,310"
189,Compound,COMP,"Oct 15, 2022",$55.80,$53.87,$54.75,$54.01,"$17,924,392","$392,534,911"
190,Compound,COMP,"Oct 14, 2022",$57.23,$53.83,$54.65,$54.75,"$27,037,852","$397,867,502"
191,Compound,COMP,"Oct 13, 2022",$55.51,$51.77,$55.51,$54.65,"$41,513,134","$397,157,164"
192,Compound,COMP,"Oct 12, 2022",$56.39,$55.18,$55.29,$55.52,"$15,790,866","$403,467,528"
193,Compound,COMP,"Oct 11, 2022",$57.12,$55.21,$57.12,$55.28,"$19,730,411","$401,758,403"
194,Compound,COMP,"Oct 10, 2022",$59.99,$57.11,$59.25,$57.11,"$23,501,796","$415,034,137"
195,Compound,COMP,"Oct 09, 2022",$59.67,$58.70,$58.75,$59.25,"$18,267,357","$430,601,245"
196,Compound,COMP,"Oct 08, 2022",$60.18,$58.11,$58.78,$58.76,"$21,408,983","$427,024,963"
197,Compound,COMP,"Oct 07, 2022",$60.40,$58.01,$58.68,$58.78,"$25,950,363","$427,166,376"
198,Compound,COMP,"Oct 06, 2022",$60.31,$58.57,$59.21,$58.68,"$26,514,125","$426,418,246"
199,Compound,COMP,"Oct 05, 2022",$60.33,$58.33,$60.04,$59.21,"$24,660,055","$430,297,809"
200,Compound,COMP,"Oct 04, 2022",$61.04,$59.07,$59.52,$60.05,"$31,813,808","$436,359,203"
201,Compound,COMP,"Oct 03, 2022",$60.74,$57.71,$58.44,$59.53,"$52,133,511","$432,627,480"
202,Compound,COMP,"Oct 02, 2022",$61.21,$58.38,$60.91,$58.44,"$24,833,156","$424,675,516"
203,Compound,COMP,"Oct 01, 2022",$63.19,$60.61,$60.96,$60.92,"$32,490,956","$442,683,787"
204,Compound,COMP,"Sep 30, 2022",$62.92,$60.75,$62.19,$60.97,"$37,283,962","$443,045,334"
205,Compound,COMP,"Sep 29, 2022",$62.54,$59.63,$61.99,$62.20,"$39,135,277","$452,028,744"
206,Compound,COMP,"Sep 28, 2022",$63.08,$58.44,$61.39,$62.02,"$58,830,164","$450,743,817"
207,Compound,COMP,"Sep 27, 2022",$65.71,$60.74,$62.75,$61.39,"$74,363,692","$446,142,770"
208,Compound,COMP,"Sep 26, 2022",$64.91,$61.02,$61.54,$62.75,"$64,133,081","$456,031,589"
209,Compound,COMP,"Sep 25, 2022",$63.73,$60.81,$60.82,$61.56,"$54,065,643","$447,349,191"
210,Compound,COMP,"Sep 24, 2022",$64.10,$60.71,$63.59,$60.83,"$54,170,378","$442,049,508"
211,Compound,COMP,"Sep 23, 2022",$65.02,$59.46,$61.41,$63.59,"$104,138,930","$462,106,428"
212,Compound,COMP,"Sep 22, 2022",$62.70,$54.19,$56.92,$61.41,"$91,604,096","$446,258,698"
213,Compound,COMP,"Sep 21, 2022",$60.99,$51.77,$54.67,$56.97,"$92,771,934","$414,004,431"
214,Compound,COMP,"Sep 20, 2022",$55.23,$51.31,$52.12,$54.67,"$70,249,135","$397,261,551"
215,Compound,COMP,"Sep 19, 2022",$53.60,$48.29,$49.42,$52.13,"$56,596,002","$378,804,879"
216,Compound,COMP,"Sep 18, 2022",$55.06,$48.31,$54.49,$49.42,"$42,329,513","$359,168,154"
217,Compound,COMP,"Sep 17, 2022",$55.86,$53.28,$54.01,$54.49,"$36,321,116","$396,010,028"
218,Compound,COMP,"Sep 16, 2022",$57.47,$52.77,$56.54,$54.00,"$58,215,875","$392,453,000"
219,Compound,COMP,"Sep 15, 2022",$60.01,$53.52,$60.01,$56.50,"$95,422,799","$410,602,364"
220,Compound,COMP,"Sep 14, 2022",$61.67,$52.09,$54.34,$60.01,"$74,587,238","$436,100,798"
221,Compound,COMP,"Sep 13, 2022",$57.16,$52.00,$54.79,$53.49,"$59,213,166","$388,594,048"
222,Compound,COMP,"Sep 12, 2022",$56.36,$53.20,$55.91,$54.79,"$48,340,340","$397,918,613"
223,Compound,COMP,"Sep 11, 2022",$56.86,$54.08,$54.14,$55.91,"$52,851,287","$405,967,856"
224,Compound,COMP,"Sep 10, 2022",$54.62,$52.53,$52.62,$54.15,"$37,837,681","$393,146,631"
225,Compound,COMP,"Sep 09, 2022",$52.67,$48.53,$48.55,$52.63,"$36,747,399","$380,725,616"
226,Compound,COMP,"Sep 08, 2022",$50.31,$48.44,$48.74,$48.55,"$34,755,456","$351,177,218"
227,Compound,COMP,"Sep 07, 2022",$48.99,$44.21,$44.72,$48.74,"$31,439,175","$352,551,747"
228,Compound,COMP,"Sep 06, 2022",$50.48,$44.72,$48.83,$44.72,"$38,440,307","$323,277,424"
229,Compound,COMP,"Sep 05, 2022",$49.01,$46.84,$48.58,$48.83,"$25,445,820","$352,970,787"
230,Compound,COMP,"Sep 04, 2022",$48.66,$47.71,$47.77,$48.58,"$21,427,645","$351,084,453"
231,Compound,COMP,"Sep 03, 2022",$48.37,$46.01,$46.17,$47.75,"$33,382,866","$345,108,433"
232,Compound,COMP,"Sep 02, 2022",$48.44,$45.51,$47.99,$46.16,"$80,864,416","$333,578,852"
233,Compound,COMP,"Sep 01, 2022",$48.67,$45.33,$46.56,$48.00,"$53,104,544","$346,740,496"
234,Compound,COMP,"Aug 31, 2022",$48.90,$46.43,$47.58,$46.55,"$44,301,783","$336,208,841"
235,Compound,COMP,"Aug 30, 2022",$52.14,$46.43,$49.64,$47.59,"$135,997,959","$343,625,585"
236,Compound,COMP,"Aug 29, 2022",$49.76,$43.77,$43.96,$49.65,"$117,090,281","$358,483,380"
237,Compound,COMP,"Aug 28, 2022",$47.38,$43.95,$46.36,$43.95,"$92,861,593","$317,322,481"
238,Compound,COMP,"Aug 27, 2022",$46.86,$45.52,$46.21,$46.35,"$86,980,626","$334,642,641"
239,Compound,COMP,"Aug 26, 2022",$54.12,$46.02,$51.78,$46.21,"$126,004,430","$333,552,825"
240,Compound,COMP,"Aug 25, 2022",$52.61,$50.24,$50.62,$51.79,"$88,128,961","$373,773,098"
241,Compound,COMP,"Aug 24, 2022",$52.29,$49.74,$50.85,$50.61,"$91,107,137","$365,259,578"
242,Compound,COMP,"Aug 23, 2022",$51.83,$49.12,$50.79,$50.84,"$114,182,699","$366,918,124"
243,Compound,COMP,"Aug 22, 2022",$52.09,$48.14,$51.03,$50.80,"$142,570,169","$366,600,063"
244,Compound,COMP,"Aug 21, 2022",$51.60,$49.40,$49.52,$51.04,"$77,504,263","$368,310,190"
245,Compound,COMP,"Aug 20, 2022",$52.11,$48.34,$50.11,$49.52,"$90,591,655","$357,336,432"
246,Compound,COMP,"Aug 19, 2022",$56.15,$49.91,$56.15,$50.13,"$107,232,717","$361,649,705"
247,Compound,COMP,"Aug 18, 2022",$59.74,$56.16,$58.46,$56.16,"$71,507,439","$405,147,465"
248,Compound,COMP,"Aug 17, 2022",$63.28,$58.24,$61.26,$58.44,"$83,256,647","$421,600,911"
249,Compound,COMP,"Aug 16, 2022",$62.17,$60.28,$61.57,$61.26,"$90,928,167","$441,823,631"
250,Compound,COMP,"Aug 15, 2022",$64.27,$61.00,$62.95,$61.59,"$103,616,233","$444,310,230"
251,Compound,COMP,"Aug 14, 2022",$67.51,$62.54,$65.52,$62.97,"$94,835,736","$454,211,105"
252,Compound,COMP,"Aug 13, 2022",$66.26,$64.18,$65.31,$65.53,"$90,576,855","$472,046,585"
253,Compound,COMP,"Aug 12, 2022",$65.38,$62.74,$63.51,$65.32,"$87,559,976","$470,493,647"
254,Compound,COMP,"Aug 11, 2022",$66.32,$63.23,$66.12,$63.49,"$116,589,833","$457,197,053"
255,Compound,COMP,"Aug 10, 2022",$69.03,$57.95,$59.04,$66.11,"$171,904,719","$475,891,466"
256,Compound,COMP,"Aug 09, 2022",$64.95,$58.79,$62.79,$59.06,"$104,486,306","$425,093,827"
257,Compound,COMP,"Aug 08, 2022",$65.04,$62.42,$62.81,$62.78,"$88,534,690","$451,816,676"
258,Compound,COMP,"Aug 07, 2022",$65.84,$62.59,$64.83,$62.80,"$101,731,381","$451,923,374"
259,Compound,COMP,"Aug 06, 2022",$65.29,$60.22,$61.24,$64.82,"$126,370,929","$466,400,591"
260,Compound,COMP,"Aug 05, 2022",$61.27,$56.78,$56.94,$61.25,"$116,111,398","$440,661,901"
261,Compound,COMP,"Aug 04, 2022",$58.08,$56.04,$56.36,$56.96,"$99,901,722","$409,785,802"
262,Compound,COMP,"Aug 03, 2022",$59.21,$54.75,$56.63,$56.36,"$115,870,126","$405,434,205"
263,Compound,COMP,"Aug 02, 2022",$59.15,$54.59,$58.81,$56.62,"$127,724,497","$407,267,056"
264,Compound,COMP,"Aug 01, 2022",$61.81,$57.03,$57.26,$58.82,"$136,647,630","$423,088,590"
265,Compound,COMP,"Jul 31, 2022",$61.68,$57.24,$58.06,$57.26,"$171,865,205","$411,688,381"
266,Compound,COMP,"Jul 30, 2022",$61.39,$56.93,$57.42,$58.06,"$158,082,185","$417,488,152"
267,Compound,COMP,"Jul 29, 2022",$59.64,$55.68,$58.00,$57.41,"$138,879,558","$412,735,982"
268,Compound,COMP,"Jul 28, 2022",$60.16,$53.78,$55.22,$57.99,"$150,412,474","$416,896,177"
269,Compound,COMP,"Jul 27, 2022",$56.12,$47.94,$49.19,$55.23,"$152,471,471","$397,003,333"
270,Compound,COMP,"Jul 26, 2022",$50.26,$46.90,$50.26,$49.16,"$108,063,002","$353,372,743"
271,Compound,COMP,"Jul 25, 2022",$55.41,$50.27,$55.16,$50.27,"$124,584,332","$361,258,411"
272,Compound,COMP,"Jul 24, 2022",$56.58,$54.80,$55.66,$55.18,"$101,003,242","$394,952,484"
273,Compound,COMP,"Jul 23, 2022",$57.66,$53.97,$56.01,$55.66,"$113,211,434","$398,417,862"
274,Compound,COMP,"Jul 22, 2022",$61.25,$55.20,$58.03,$56.05,"$121,264,536","$401,165,131"
275,Compound,COMP,"Jul 21, 2022",$58.74,$54.38,$56.18,$58.03,"$118,033,588","$415,376,091"
276,Compound,COMP,"Jul 20, 2022",$62.33,$55.50,$61.05,$56.17,"$125,300,412","$402,071,821"
277,Compound,COMP,"Jul 19, 2022",$63.57,$55.37,$57.70,$61.05,"$169,231,826","$436,974,265"
278,Compound,COMP,"Jul 18, 2022",$58.54,$54.58,$54.89,$57.71,"$136,964,018","$413,063,787"
279,Compound,COMP,"Jul 17, 2022",$56.21,$53.97,$55.63,$54.89,"$107,784,879","$392,931,685"
280,Compound,COMP,"Jul 16, 2022",$57.89,$53.10,$55.31,$55.62,"$128,801,030","$398,112,733"
281,Compound,COMP,"Jul 15, 2022",$58.81,$54.27,$54.95,$55.31,"$168,297,714","$395,910,779"
282,Compound,COMP,"Jul 14, 2022",$55.51,$46.88,$49.30,$54.93,"$163,264,602","$393,163,579"
283,Compound,COMP,"Jul 13, 2022",$49.30,$43.99,$46.21,$49.30,"$123,158,765","$352,851,203"
284,Compound,COMP,"Jul 12, 2022",$50.14,$46.20,$48.70,$46.21,"$107,404,710","$330,763,095"
285,Compound,COMP,"Jul 11, 2022",$54.90,$48.43,$53.45,$48.69,"$127,144,207","$348,493,719"
286,Compound,COMP,"Jul 10, 2022",$58.20,$52.02,$55.13,$53.45,"$182,834,334","$382,624,564"
287,Compound,COMP,"Jul 09, 2022",$55.88,$47.09,$47.16,$55.14,"$160,772,798","$394,667,513"
288,Compound,COMP,"Jul 08, 2022",$49.59,$46.26,$48.35,$47.16,"$110,970,443","$337,550,445"
289,Compound,COMP,"Jul 07, 2022",$49.62,$45.89,$46.38,$48.35,"$140,722,514","$346,056,464"
290,Compound,COMP,"Jul 06, 2022",$47.17,$45.67,$46.04,$46.38,"$84,835,912","$331,966,141"
291,Compound,COMP,"Jul 05, 2022",$50.33,$45.21,$49.32,$46.02,"$103,242,188","$329,437,783"
292,Compound,COMP,"Jul 04, 2022",$49.58,$47.47,$49.38,$49.33,"$107,757,356","$353,120,484"
293,Compound,COMP,"Jul 03, 2022",$50.48,$46.37,$47.38,$49.38,"$125,180,805","$353,451,972"
294,Compound,COMP,"Jul 02, 2022",$47.67,$45.63,$47.20,$47.38,"$120,200,983","$339,122,236"
295,Compound,COMP,"Jul 01, 2022",$49.02,$45.57,$47.04,$47.17,"$121,486,927","$337,663,472"
296,Compound,COMP,"Jun 30, 2022",$50.10,$43.26,$49.42,$46.98,"$126,124,150","$336,295,726"
297,Compound,COMP,"Jun 29, 2022",$50.70,$46.54,$46.71,$49.41,"$125,145,329","$353,648,895"
298,Compound,COMP,"Jun 28, 2022",$51.62,$46.35,$49.57,$46.71,"$94,746,275","$334,298,046"
299,Compound,COMP,"Jun 27, 2022",$53.63,$48.35,$50.67,$49.57,"$93,609,933","$354,775,263"
300,Compound,COMP,"Jun 26, 2022",$55.11,$50.54,$55.08,$50.68,"$108,898,571","$362,669,293"
301,Compound,COMP,"Jun 25, 2022",$55.06,$45.98,$46.56,$55.06,"$154,887,389","$394,003,209"
302,Compound,COMP,"Jun 24, 2022",$47.28,$41.85,$43.28,$46.57,"$106,663,924","$333,085,945"
303,Compound,COMP,"Jun 23, 2022",$44.39,$39.55,$39.56,$43.28,"$84,054,712","$309,579,852"
304,Compound,COMP,"Jun 22, 2022",$41.80,$37.67,$39.31,$39.55,"$62,741,982","$282,898,557"
305,Compound,COMP,"Jun 21, 2022",$44.29,$34.18,$34.90,$39.28,"$130,456,216","$280,931,242"
306,Compound,COMP,"Jun 20, 2022",$35.18,$30.28,$31.97,$34.90,"$56,287,139","$249,576,868"
307,Compound,COMP,"Jun 19, 2022",$32.41,$27.45,$28.73,$31.97,"$41,375,059","$228,593,398"
308,Compound,COMP,"Jun 18, 2022",$32.92,$26.52,$32.37,$28.73,"$38,576,852","$205,435,427"
309,Compound,COMP,"Jun 17, 2022",$32.83,$30.02,$30.16,$32.37,"$33,245,070","$231,374,414"
310,Compound,COMP,"Jun 16, 2022",$36.07,$29.60,$35.41,$30.14,"$41,975,440","$215,456,566"
311,Compound,COMP,"Jun 15, 2022",$35.50,$29.61,$35.09,$35.40,"$80,533,181","$252,984,032"
312,Compound,COMP,"Jun 14, 2022",$36.98,$32.73,$35.38,$35.10,"$58,823,350","$250,865,566"
313,Compound,COMP,"Jun 13, 2022",$41.47,$33.97,$41.47,$35.39,"$65,605,416","$252,731,120"
314,Compound,COMP,"Jun 12, 2022",$45.77,$40.91,$45.46,$41.51,"$49,141,859","$296,324,072"
315,Compound,COMP,"Jun 11, 2022",$52.23,$45.04,$51.35,$45.45,"$68,131,064","$324,467,950"
316,Compound,COMP,"Jun 10, 2022",$55.64,$51.13,$55.47,$51.36,"$49,720,091","$366,575,797"
317,Compound,COMP,"Jun 09, 2022",$56.74,$55.14,$55.62,$55.47,"$39,846,613","$395,751,641"
318,Compound,COMP,"Jun 08, 2022",$58.07,$55.29,$57.27,$55.62,"$46,387,618","$396,804,394"
319,Compound,COMP,"Jun 07, 2022",$59.52,$55.17,$59.50,$57.27,"$67,957,009","$408,567,943"
320,Compound,COMP,"Jun 06, 2022",$61.70,$57.88,$57.91,$59.49,"$66,234,235","$424,180,580"
321,Compound,COMP,"Jun 05, 2022",$59.09,$56.93,$57.90,$57.89,"$59,520,521","$412,774,248"
322,Compound,COMP,"Jun 04, 2022",$58.10,$55.13,$56.03,$57.90,"$59,871,173","$412,754,479"
323,Compound,COMP,"Jun 03, 2022",$59.15,$55.37,$58.95,$56.04,"$72,718,866","$399,461,513"
324,Compound,COMP,"Jun 02, 2022",$59.16,$56.50,$57.18,$58.96,"$96,021,172","$420,254,742"
325,Compound,COMP,"Jun 01, 2022",$69.52,$57.31,$63.62,$57.31,"$114,043,146","$408,511,749"
326,Compound,COMP,"May 31, 2022",$67.59,$62.14,$63.09,$63.61,"$111,319,307","$453,378,690"
327,Compound,COMP,"May 30, 2022",$63.69,$56.57,$57.09,$63.08,"$81,524,099","$449,534,586"
328,Compound,COMP,"May 29, 2022",$57.60,$55.84,$56.99,$57.10,"$64,485,742","$406,899,173"
329,Compound,COMP,"May 28, 2022",$57.97,$55.30,$57.04,$56.99,"$62,611,198","$406,077,179"
330,Compound,COMP,"May 27, 2022",$60.02,$54.91,$59.58,$55.76,"$78,764,508","$397,307,301"
331,Compound,COMP,"May 26, 2022",$67.09,$58.42,$65.85,$59.62,"$78,764,805","$424,762,580"
332,Compound,COMP,"May 25, 2022",$71.28,$65.82,$70.31,$65.84,"$80,031,519","$469,034,348"
333,Compound,COMP,"May 24, 2022",$71.09,$65.71,$69.08,$70.31,"$68,759,420","$500,851,366"
334,Compound,COMP,"May 23, 2022",$74.94,$69.09,$70.92,$69.09,"$77,771,971","$491,994,900"
335,Compound,COMP,"May 22, 2022",$72.72,$67.76,$68.28,$71.00,"$56,288,883","$505,518,202"
336,Compound,COMP,"May 21, 2022",$68.90,$65.03,$65.96,$68.28,"$49,629,151","$486,089,871"
337,Compound,COMP,"May 20, 2022",$68.79,$63.31,$67.39,$65.99,"$53,151,867","$469,817,177"
338,Compound,COMP,"May 19, 2022",$68.05,$62.02,$64.33,$67.41,"$52,785,169","$479,854,386"
339,Compound,COMP,"May 18, 2022",$75.07,$64.30,$74.08,$64.33,"$60,417,929","$457,850,129"
340,Compound,COMP,"May 17, 2022",$74.88,$67.04,$67.04,$74.09,"$60,429,410","$527,261,639"
341,Compound,COMP,"May 16, 2022",$74.77,$66.54,$74.75,$67.05,"$53,521,406","$477,151,305"
342,Compound,COMP,"May 15, 2022",$74.86,$68.27,$71.52,$74.76,"$54,713,865","$531,753,415"
343,Compound,COMP,"May 14, 2022",$72.72,$64.44,$68.38,$71.54,"$55,428,572","$508,798,659"
344,Compound,COMP,"May 13, 2022",$75.42,$60.46,$61.18,$68.37,"$71,359,593","$486,298,431"
345,Compound,COMP,"May 12, 2022",$72.61,$54.20,$68.77,$61.19,"$121,517,173","$435,176,123"
346,Compound,COMP,"May 11, 2022",$90.44,$66.87,$88.20,$68.76,"$172,555,136","$471,429,466"
347,Compound,COMP,"May 10, 2022",$94.96,$77.60,$80.30,$88.28,"$134,114,749","$605,200,855"
348,Compound,COMP,"May 09, 2022",$99.34,$80.45,$97.42,$80.45,"$101,610,029","$551,428,980"
349,Compound,COMP,"May 08, 2022",$101.21,$95.58,$98.65,$97.39,"$59,877,273","$656,712,695"
350,Compound,COMP,"May 07, 2022",$103.53,$96.48,$103.25,$98.66,"$51,540,651","$664,828,766"
351,Compound,COMP,"May 06, 2022",$105.40,$101.07,$104.66,$103.25,"$54,695,786","$695,236,938"
352,Compound,COMP,"May 05, 2022",$116.86,$102.47,$115.41,$104.66,"$68,102,714","$704,685,472"
353,Compound,COMP,"May 04, 2022",$115.44,$102.88,$102.89,$115.43,"$58,469,309","$776,745,823"
354,Compound,COMP,"May 03, 2022",$106.49,$101.30,$104.46,$102.89,"$45,165,806","$692,335,828"
355,Compound,COMP,"May 02, 2022",$107.69,$101.56,$105.76,$104.47,"$56,141,202","$702,872,369"
356,Compound,COMP,"May 01, 2022",$107.67,$101.70,$104.11,$105.75,"$74,908,392","$711,488,154"
357,Compound,COMP,"Apr 30, 2022",$116.47,$103.97,$113.89,$104.14,"$71,320,992","$700,663,962"
358,Compound,COMP,"Apr 29, 2022",$123.58,$112.95,$122.46,$113.89,"$56,593,996","$766,189,319"
359,Compound,COMP,"Apr 28, 2022",$126.31,$121.55,$124.53,$122.46,"$53,910,100","$823,584,717"
360,Compound,COMP,"Apr 27, 2022",$126.68,$120.35,$120.63,$124.53,"$57,008,219","$837,406,460"
361,Compound,COMP,"Apr 26, 2022",$133.64,$119.63,$132.78,$120.62,"$74,497,450","$810,906,720"
362,Compound,COMP,"Apr 25, 2022",$132.95,$122.52,$129.59,$132.77,"$72,602,504","$892,513,559"
363,Compound,COMP,"Apr 24, 2022",$133.37,$129.15,$131.39,$129.57,"$49,326,798","$870,792,085"
364,Compound,COMP,"Apr 23, 2022",$136.67,$131.38,$135.29,$131.42,"$58,937,195","$883,118,923"
365,Compound,COMP,"Apr 22, 2022",$139.24,$133.37,$136.48,$135.27,"$71,719,628","$908,559,597"
366,Compound,COMP,"Apr 21, 2022",$148.30,$133.96,$146.46,$136.51,"$106,073,088","$916,849,262"
367,Compound,COMP,"Apr 20, 2022",$149.02,$140.18,$142.73,$146.45,"$103,771,807","$983,396,725"
368,Compound,COMP,"Apr 19, 2022",$143.84,$138.83,$140.31,$142.72,"$103,476,732","$958,117,562"
369,Compound,COMP,"Apr 18, 2022",$146.19,$133.52,$141.99,$140.30,"$121,688,815","$941,785,026"
370,Compound,COMP,"Apr 17, 2022",$149.17,$141.53,$143.87,$141.98,"$89,531,756","$953,052,238"
371,Compound,COMP,"Apr 16, 2022",$149.60,$141.36,$147.77,$143.87,"$96,779,208","$965,750,924"
372,Compound,COMP,"Apr 15, 2022",$148.01,$139.66,$144.02,$147.71,"$108,409,317","$991,036,289"
373,Compound,COMP,"Apr 14, 2022",$155.90,$141.73,$149.46,$144.01,"$201,055,908","$966,139,087"
374,Compound,COMP,"Apr 13, 2022",$150.97,$128.17,$128.89,$149.53,"$207,492,978","$1,003,198,271"
375,Compound,COMP,"Apr 12, 2022",$131.65,$117.47,$117.50,$128.88,"$144,829,235","$863,327,563"
376,Compound,COMP,"Apr 11, 2022",$134.46,$116.40,$134.46,$117.48,"$85,532,360","$786,900,108"
377,Compound,COMP,"Apr 10, 2022",$140.31,$134.25,$137.29,$134.53,"$57,624,279","$900,958,836"
378,Compound,COMP,"Apr 09, 2022",$138.10,$134.29,$134.65,$137.29,"$71,761,035","$919,018,059"
379,Compound,COMP,"Apr 08, 2022",$143.01,$133.69,$138.86,$134.63,"$101,182,378","$901,161,878"
380,Compound,COMP,"Apr 07, 2022",$140.26,$132.82,$133.91,$138.88,"$86,141,774","$929,507,178"
381,Compound,COMP,"Apr 06, 2022",$153.82,$133.82,$153.82,$133.85,"$142,551,805","$895,744,549"
382,Compound,COMP,"Apr 05, 2022",$165.70,$153.76,$163.08,$153.77,"$104,330,471","$1,028,894,909"
383,Compound,COMP,"Apr 04, 2022",$171.49,$155.86,$171.34,$163.05,"$181,647,046","$1,090,981,386"
384,Compound,COMP,"Apr 03, 2022",$173.91,$148.74,$150.53,$171.34,"$270,814,411","$1,146,316,236"
385,Compound,COMP,"Apr 02, 2022",$162.02,$150.39,$158.00,$150.46,"$153,101,028","$1,006,028,589"
386,Compound,COMP,"Apr 01, 2022",$158.95,$141.84,$148.72,$157.98,"$216,150,172","$1,056,068,410"
387,Compound,COMP,"Mar 31, 2022",$163.72,$146.74,$157.91,$148.62,"$234,852,861","$993,398,231"
388,Compound,COMP,"Mar 30, 2022",$161.69,$140.95,$146.50,$157.92,"$425,962,786","$1,052,241,771"
389,Compound,COMP,"Mar 29, 2022",$148.10,$122.82,$122.87,$146.57,"$463,740,123","$976,344,080"
390,Compound,COMP,"Mar 28, 2022",$134.01,$122.54,$125.96,$122.91,"$199,049,869","$818,469,441"
391,Compound,COMP,"Mar 27, 2022",$125.99,$118.68,$121.92,$125.95,"$132,526,031","$838,594,097"
392,Compound,COMP,"Mar 26, 2022",$121.92,$115.96,$116.20,$121.92,"$63,872,875","$811,651,001"
393,Compound,COMP,"Mar 25, 2022",$121.52,$114.09,$118.93,$116.20,"$85,396,222","$772,978,591"
394,Compound,COMP,"Mar 24, 2022",$121.57,$114.43,$116.36,$118.93,"$126,303,647","$790,948,489"
395,Compound,COMP,"Mar 23, 2022",$116.59,$112.77,$114.34,$116.35,"$81,694,771","$773,771,907"
396,Compound,COMP,"Mar 22, 2022",$118.76,$112.97,$113.45,$114.33,"$78,549,364","$760,268,776"
397,Compound,COMP,"Mar 21, 2022",$117.72,$112.57,$115.28,$113.48,"$65,232,260","$754,263,510"
398,Compound,COMP,"Mar 20, 2022",$119.98,$113.82,$119.61,$115.31,"$68,134,989","$766,328,940"
399,Compound,COMP,"Mar 19, 2022",$124.08,$118.85,$119.76,$119.61,"$69,545,283","$794,819,730"
400,Compound,COMP,"Mar 18, 2022",$120.01,$110.02,$111.65,$119.80,"$67,945,255","$795,466,115"
401,Compound,COMP,"Mar 17, 2022",$116.53,$108.78,$110.51,$111.67,"$74,982,961","$741,336,672"
402,Compound,COMP,"Mar 16, 2022",$110.54,$103.18,$104.30,$110.48,"$64,783,194","$733,262,455"
403,Compound,COMP,"Mar 15, 2022",$105.28,$98.96,$101.42,$104.29,"$47,486,028","$692,165,589"
404,Compound,COMP,"Mar 14, 2022",$102.25,$98.57,$99.07,$101.42,"$51,684,112","$672,916,681"
405,Compound,COMP,"Mar 13, 2022",$103.54,$98.31,$101.92,$99.08,"$39,800,917","$657,142,449"
406,Compound,COMP,"Mar 12, 2022",$104.77,$101.30,$101.32,$101.97,"$37,395,493","$676,042,823"
407,Compound,COMP,"Mar 11, 2022",$103.86,$100.54,$103.23,$101.32,"$42,440,053","$670,263,186"
408,Compound,COMP,"Mar 10, 2022",$110.45,$101.08,$110.17,$103.23,"$58,073,424","$682,750,269"
409,Compound,COMP,"Mar 09, 2022",$111.72,$104.11,$104.21,$110.20,"$56,939,591","$728,845,104"
410,Compound,COMP,"Mar 08, 2022",$107.29,$100.97,$101.66,$104.20,"$64,989,646","$689,072,833"
411,Compound,COMP,"Mar 07, 2022",$105.91,$98.38,$101.40,$101.70,"$59,483,219","$672,329,754"
412,Compound,COMP,"Mar 06, 2022",$110.25,$101.34,$109.69,$101.41,"$60,410,965","$670,255,386"
413,Compound,COMP,"Mar 05, 2022",$110.50,$105.96,$108.64,$109.69,"$58,639,976","$724,915,297"
414,Compound,COMP,"Mar 04, 2022",$117.38,$107.76,$117.38,$108.62,"$81,508,842","$717,370,048"
415,Compound,COMP,"Mar 03, 2022",$122.66,$116.11,$120.79,$117.37,"$60,430,320","$775,057,406"
416,Compound,COMP,"Mar 02, 2022",$126.73,$119.88,$125.65,$120.79,"$76,588,584","$797,103,481"
417,Compound,COMP,"Mar 01, 2022",$127.90,$118.47,$120.76,$125.65,"$97,067,324","$828,885,220"
418,Compound,COMP,"Feb 28, 2022",$120.76,$105.82,$107.05,$120.76,"$82,838,386","$796,476,464"
419,Compound,COMP,"Feb 27, 2022",$117.42,$106.19,$112.80,$107.05,"$73,119,865","$706,014,852"
420,Compound,COMP,"Feb 26, 2022",$115.61,$112.26,$112.61,$112.81,"$49,407,405","$743,846,546"
421,Compound,COMP,"Feb 25, 2022",$114.05,$106.19,$107.43,$112.61,"$63,170,989","$741,896,223"
422,Compound,COMP,"Feb 24, 2022",$109.50,$94.13,$109.40,$107.42,"$104,274,590","$707,696,370"
423,Compound,COMP,"Feb 23, 2022",$117.64,$109.44,$112.71,$109.44,"$51,131,906","$720,797,786"
424,Compound,COMP,"Feb 22, 2022",$112.97,$103.50,$106.27,$112.70,"$59,535,940","$742,244,509"
425,Compound,COMP,"Feb 21, 2022",$119.58,$105.90,$114.85,$106.30,"$68,298,747","$699,425,117"
426,Compound,COMP,"Feb 20, 2022",$122.42,$112.92,$122.42,$114.87,"$46,409,535","$755,750,227"
427,Compound,COMP,"Feb 19, 2022",$124.46,$118.48,$121.41,$122.41,"$35,459,142","$804,543,134"
428,Compound,COMP,"Feb 18, 2022",$126.03,$119.26,$122.81,$121.41,"$43,619,836","$797,957,368"
429,Compound,COMP,"Feb 17, 2022",$137.31,$121.82,$136.14,$122.74,"$65,002,025","$806,638,340"
430,Compound,COMP,"Feb 16, 2022",$137.48,$129.72,$136.02,$136.23,"$61,965,826","$894,873,128"
431,Compound,COMP,"Feb 15, 2022",$136.30,$126.09,$126.17,$136.01,"$55,132,501","$893,174,100"
432,Compound,COMP,"Feb 14, 2022",$127.24,$121.36,$124.89,$126.18,"$43,515,264","$828,430,506"
433,Compound,COMP,"Feb 13, 2022",$129.62,$123.07,$127.78,$124.94,"$39,288,300","$820,237,559"
434,Compound,COMP,"Feb 12, 2022",$130.83,$123.85,$125.63,$127.79,"$54,852,780","$838,816,231"
435,Compound,COMP,"Feb 11, 2022",$137.52,$124.38,$133.48,$125.63,"$81,118,804","$824,130,844"
436,Compound,COMP,"Feb 10, 2022",$146.33,$133.16,$144.81,$133.48,"$104,844,845","$875,415,979"
437,Compound,COMP,"Feb 09, 2022",$148.00,$141.27,$147.39,$144.79,"$63,249,995","$949,482,273"
438,Compound,COMP,"Feb 08, 2022",$150.62,$137.06,$149.01,$147.51,"$102,508,456","$966,863,406"
439,Compound,COMP,"Feb 07, 2022",$149.12,$136.76,$140.57,$148.95,"$84,490,609","$976,108,700"
440,Compound,COMP,"Feb 06, 2022",$142.64,$134.72,$136.39,$140.56,"$67,839,828","$920,691,126"
441,Compound,COMP,"Feb 05, 2022",$141.68,$133.04,$135.10,$136.38,"$82,041,994","$893,219,057"
442,Compound,COMP,"Feb 04, 2022",$135.09,$124.01,$124.01,$135.09,"$74,209,998","$884,104,913"
443,Compound,COMP,"Feb 03, 2022",$124.24,$117.74,$120.13,$124.02,"$46,250,021","$811,527,484"
444,Compound,COMP,"Feb 02, 2022",$130.87,$120.11,$126.46,$120.15,"$57,398,074","$785,704,279"
445,Compound,COMP,"Feb 01, 2022",$129.35,$121.73,$122.00,$126.45,"$67,128,119","$826,910,719"
446,Compound,COMP,"Jan 31, 2022",$122.56,$113.37,$117.94,$122.01,"$71,708,328","$797,472,188"
447,Compound,COMP,"Jan 30, 2022",$124.23,$117.06,$123.81,$117.94,"$66,573,514","$770,736,890"
448,Compound,COMP,"Jan 29, 2022",$126.37,$122.23,$122.86,$123.76,"$63,049,275","$808,625,769"
449,Compound,COMP,"Jan 28, 2022",$125.47,$119.11,$123.25,$122.84,"$64,648,765","$801,982,460"
450,Compound,COMP,"Jan 27, 2022",$129.29,$119.39,$125.49,$123.27,"$71,663,188","$804,588,923"
451,Compound,COMP,"Jan 26, 2022",$135.63,$123.20,$126.85,$125.53,"$75,840,559","$819,212,079"
452,Compound,COMP,"Jan 25, 2022",$127.88,$122.05,$123.68,$126.86,"$58,858,138","$827,862,485"
453,Compound,COMP,"Jan 24, 2022",$128.22,$111.05,$128.11,$123.74,"$90,538,710","$807,287,741"
454,Compound,COMP,"Jan 23, 2022",$130.69,$121.85,$122.46,$128.09,"$62,850,568","$835,518,546"
455,Compound,COMP,"Jan 22, 2022",$141.40,$113.05,$138.57,$122.43,"$121,927,162","$797,973,730"
456,Compound,COMP,"Jan 21, 2022",$162.62,$136.88,$161.65,$138.72,"$101,392,277","$879,575,699"
457,Compound,COMP,"Jan 20, 2022",$176.80,$161.61,$168.89,$161.64,"$47,161,166","$1,024,493,834"
458,Compound,COMP,"Jan 19, 2022",$180.38,$167.29,$179.96,$168.91,"$76,633,010","$1,070,459,104"
459,Compound,COMP,"Jan 18, 2022",$183.34,$174.28,$181.51,$180.03,"$64,996,745","$1,140,666,089"
460,Compound,COMP,"Jan 17, 2022",$191.58,$178.49,$191.22,$181.51,"$67,659,881","$1,149,798,593"
461,Compound,COMP,"Jan 16, 2022",$192.18,$187.66,$190.68,$191.22,"$56,043,453","$1,211,145,111"
462,Compound,COMP,"Jan 15, 2022",$199.00,$189.55,$190.24,$190.68,"$51,374,469","$1,207,516,690"
463,Compound,COMP,"Jan 14, 2022",$192.83,$183.48,$187.03,$190.23,"$62,979,341","$1,203,931,087"
464,Compound,COMP,"Jan 13, 2022",$201.80,$187.01,$198.02,$187.01,"$69,300,914","$1,183,225,871"
465,Compound,COMP,"Jan 12, 2022",$199.00,$189.68,$189.68,$198.02,"$64,949,156","$1,252,850,497"
466,Compound,COMP,"Jan 11, 2022",$191.96,$181.87,$183.40,$189.64,"$70,492,519","$1,199,650,936"
467,Compound,COMP,"Jan 10, 2022",$196.81,$176.48,$194.06,$183.39,"$114,873,285","$1,159,827,013"
468,Compound,COMP,"Jan 09, 2022",$199.91,$187.56,$188.81,$194.09,"$91,003,487","$1,227,299,293"
469,Compound,COMP,"Jan 08, 2022",$198.22,$182.24,$194.01,$188.81,"$102,188,007","$1,192,988,676"
470,Compound,COMP,"Jan 07, 2022",$204.43,$187.25,$204.27,$194.00,"$140,542,293","$1,225,434,884"
471,Compound,COMP,"Jan 06, 2022",$205.45,$193.48,$205.31,$204.29,"$156,675,162","$1,290,162,504"
472,Compound,COMP,"Jan 05, 2022",$242.94,$199.52,$223.32,$205.35,"$235,601,198","$1,296,609,114"
473,Compound,COMP,"Jan 04, 2022",$235.78,$215.67,$220.57,$223.42,"$185,480,691","$1,410,664,709"
474,Compound,COMP,"Jan 03, 2022",$224.03,$206.56,$210.65,$220.55,"$182,130,160","$1,391,767,468"
475,Compound,COMP,"Jan 02, 2022",$211.68,$203.03,$210.24,$210.65,"$85,165,944","$1,329,212,640"
476,Compound,COMP,"Jan 01, 2022",$210.27,$198.11,$200.28,$210.27,"$88,325,774","$1,326,609,014"
477,Compound,COMP,"Dec 31, 2021",$207.41,$194.66,$199.75,$200.29,"$103,836,952","$1,262,961,770"
478,Compound,COMP,"Dec 30, 2021",$205.45,$193.00,$198.39,$199.82,"$88,922,580","$1,259,835,774"
479,Compound,COMP,"Dec 29, 2021",$212.73,$196.45,$209.04,$198.12,"$112,200,946","$1,247,909,852"
480,Compound,COMP,"Dec 28, 2021",$236.07,$208.95,$236.07,$208.95,"$171,864,685","$1,315,847,863"
481,Compound,COMP,"Dec 27, 2021",$248.70,$232.71,$234.60,$235.85,"$157,556,269","$1,484,951,514"
482,Compound,COMP,"Dec 26, 2021",$236.38,$219.26,$227.79,$234.63,"$133,758,658","$1,476,815,001"
483,Compound,COMP,"Dec 25, 2021",$241.22,$224.54,$231.88,$228.00,"$102,967,422","$1,433,765,272"
484,Compound,COMP,"Dec 24, 2021",$235.90,$222.84,$230.01,$231.42,"$143,330,373","$1,454,924,963"
485,Compound,COMP,"Dec 23, 2021",$238.35,$201.84,$207.07,$229.73,"$221,735,219","$1,443,761,522"
486,Compound,COMP,"Dec 22, 2021",$210.68,$193.84,$194.88,$206.82,"$97,885,997","$1,299,291,999"
487,Compound,COMP,"Dec 21, 2021",$195.10,$186.88,$188.58,$194.94,"$79,920,196","$1,224,586,630"
488,Compound,COMP,"Dec 20, 2021",$197.61,$181.63,$194.88,$188.57,"$92,848,945","$1,184,366,277"
489,Compound,COMP,"Dec 19, 2021",$210.72,$194.32,$204.74,$194.92,"$94,188,194","$1,223,615,765"
490,Compound,COMP,"Dec 18, 2021",$215.76,$202.08,$213.15,$204.67,"$189,669,860","$1,284,483,976"
491,Compound,COMP,"Dec 17, 2021",$213.66,$178.34,$187.25,$212.67,"$150,113,906","$1,333,704,562"
492,Compound,COMP,"Dec 16, 2021",$198.21,$186.48,$191.69,$187.12,"$88,714,931","$1,161,560,459"
493,Compound,COMP,"Dec 15, 2021",$196.81,$175.35,$186.42,$191.78,"$103,746,172","$1,190,527,806"
494,Compound,COMP,"Dec 14, 2021",$190.46,$177.72,$180.90,$186.28,"$110,571,473","$1,156,338,061"
495,Compound,COMP,"Dec 13, 2021",$200.63,$175.53,$198.80,$180.98,"$124,797,287","$1,123,459,147"
496,Compound,COMP,"Dec 12, 2021",$201.64,$190.26,$196.10,$198.63,"$75,943,309","$1,232,991,254"
497,Compound,COMP,"Dec 11, 2021",$196.60,$181.10,$183.27,$196.23,"$92,657,182","$1,218,108,283"
498,Compound,COMP,"Dec 10, 2021",$202.81,$182.68,$192.92,$182.94,"$133,684,786","$1,135,623,236"
499,Compound,COMP,"Dec 09, 2021",$220.90,$192.95,$219.23,$192.95,"$208,113,074","$1,197,732,660"
500,Compound,COMP,"Dec 08, 2021",$228.34,$212.80,$223.71,$219.28,"$136,089,681","$1,360,914,604"
501,Compound,COMP,"Dec 07, 2021",$230.43,$219.92,$223.75,$224.22,"$101,183,550","$1,391,205,465"
502,Compound,COMP,"Dec 06, 2021",$226.79,$193.58,$211.57,$223.65,"$159,555,205","$1,387,524,276"
503,Compound,COMP,"Dec 05, 2021",$225.56,$205.96,$220.69,$211.46,"$122,311,023","$1,311,341,342"
504,Compound,COMP,"Dec 04, 2021",$255.10,$188.08,$254.82,$220.69,"$213,564,088","$1,367,957,428"
505,Compound,COMP,"Dec 03, 2021",$274.87,$248.62,$270.33,$254.16,"$101,260,827","$1,574,529,399"
506,Compound,COMP,"Dec 02, 2021",$274.42,$264.75,$272.19,$269.61,"$78,158,629","$1,670,082,742"
507,Compound,COMP,"Dec 01, 2021",$286.61,$268.06,$278.30,$271.94,"$93,866,174","$1,683,983,377"
508,Compound,COMP,"Nov 30, 2021",$296.75,$277.56,$289.64,$278.89,"$102,481,603","$1,726,729,615"
509,Compound,COMP,"Nov 29, 2021",$291.28,$281.05,$287.65,$289.63,"$109,756,292","$1,792,729,605"
510,Compound,COMP,"Nov 28, 2021",$288.00,$260.89,$270.13,$287.41,"$178,380,762","$1,729,869,659"
511,Compound,COMP,"Nov 27, 2021",$275.92,$260.99,$261.21,$269.45,"$114,376,388","$1,621,802,321"
512,Compound,COMP,"Nov 26, 2021",$289.62,$245.24,$288.02,$260.08,"$194,678,290","$1,565,398,536"
513,Compound,COMP,"Nov 25, 2021",$291.00,$274.75,$277.28,$280.20,"$132,162,199","$1,686,501,609"
514,Compound,COMP,"Nov 24, 2021",$293.17,$271.41,$291.74,$283.25,"$151,546,179","$1,704,848,428"
515,Compound,COMP,"Nov 23, 2021",$292.88,$276.45,$288.07,$291.50,"$151,831,659","$1,754,526,042"
516,Compound,COMP,"Nov 22, 2021",$305.33,$282.24,$305.19,$287.73,"$172,774,266","$1,731,822,411"
517,Compound,COMP,"Nov 21, 2021",$315.69,$304.69,$315.11,$305.35,"$105,606,813","$1,837,855,676"
518,Compound,COMP,"Nov 20, 2021",$317.78,$300.07,$308.89,$315.27,"$104,383,429","$1,897,593,966"
519,Compound,COMP,"Nov 19, 2021",$310.48,$289.44,$293.48,$308.73,"$136,158,186","$1,858,236,248"
520,Compound,COMP,"Nov 18, 2021",$324.97,$287.50,$321.93,$293.94,"$171,628,273","$1,769,177,965"
521,Compound,COMP,"Nov 17, 2021",$324.82,$307.57,$313.12,$321.87,"$156,841,475","$1,937,321,913"
522,Compound,COMP,"Nov 16, 2021",$333.43,$297.53,$333.43,$312.91,"$190,562,536","$1,883,399,980"
523,Compound,COMP,"Nov 15, 2021",$354.01,$331.06,$346.34,$332.09,"$140,682,215","$1,998,818,535"
524,Compound,COMP,"Nov 14, 2021",$360.02,$337.41,$354.87,$346.56,"$132,786,492","$2,085,880,998"
525,Compound,COMP,"Nov 13, 2021",$354.98,$326.61,$326.61,$354.33,"$141,480,000","$2,132,686,123"
526,Compound,COMP,"Nov 12, 2021",$337.79,$314.34,$335.51,$326.15,"$131,958,924","$1,963,040,352"
527,Compound,COMP,"Nov 11, 2021",$343.75,$320.90,$327.51,$336.44,"$149,295,297","$2,025,010,817"
528,Compound,COMP,"Nov 10, 2021",$363.68,$311.55,$356.45,$327.61,"$220,115,334","$1,971,857,016"
529,Compound,COMP,"Nov 09, 2021",$370.82,$355.74,$360.12,$356.81,"$150,905,423","$2,147,580,721"
530,Compound,COMP,"Nov 08, 2021",$363.31,$352.72,$363.08,$360.04,"$146,748,682","$2,167,036,141"
531,Compound,COMP,"Nov 07, 2021",$368.50,$351.45,$355.65,$362.89,"$109,970,057","$2,184,208,553"
532,Compound,COMP,"Nov 06, 2021",$357.80,$335.86,$357.80,$354.94,"$136,746,083","$2,136,330,401"
533,Compound,COMP,"Nov 05, 2021",$377.85,$353.91,$366.65,$358.56,"$190,451,919","$2,158,114,466"
534,Compound,COMP,"Nov 04, 2021",$390.77,$357.44,$383.87,$367.05,"$229,471,797","$2,209,262,224"
535,Compound,COMP,"Nov 03, 2021",$400.25,$351.42,$360.95,$383.49,"$479,031,061","$2,308,195,188"
536,Compound,COMP,"Nov 02, 2021",$376.31,$355.88,$364.67,$361.32,"$234,324,514","$2,174,753,417"
537,Compound,COMP,"Nov 01, 2021",$369.86,$326.33,$345.92,$363.18,"$368,433,519","$2,185,931,816"
538,Compound,COMP,"Oct 31, 2021",$357.42,$318.24,$319.06,$345.84,"$418,412,618","$2,081,578,408"
539,Compound,COMP,"Oct 30, 2021",$328.95,$312.32,$327.72,$319.13,"$149,343,854","$1,920,788,387"
540,Compound,COMP,"Oct 29, 2021",$331.85,$311.74,$312.74,$327.70,"$210,849,215","$1,972,416,075"
541,Compound,COMP,"Oct 28, 2021",$319.33,$301.72,$302.49,$312.73,"$203,325,654","$1,882,276,287"
542,Compound,COMP,"Oct 27, 2021",$352.44,$296.87,$342.42,$302.88,"$320,255,905","$1,822,974,132"
543,Compound,COMP,"Oct 26, 2021",$358.85,$321.35,$322.15,$342.23,"$373,753,390","$2,059,870,586"
544,Compound,COMP,"Oct 25, 2021",$323.23,$306.41,$308.67,$322.70,"$122,291,787","$1,942,288,742"
545,Compound,COMP,"Oct 24, 2021",$317.15,$301.40,$312.24,$308.69,"$131,169,058","$1,857,998,886"
546,Compound,COMP,"Oct 23, 2021",$317.90,$307.57,$315.63,$311.97,"$147,952,433","$1,877,719,285"
547,Compound,COMP,"Oct 22, 2021",$328.33,$312.65,$315.77,$315.82,"$130,632,437","$1,900,901,981"
548,Compound,COMP,"Oct 21, 2021",$335.20,$311.31,$323.22,$315.59,"$195,638,141","$1,899,513,970"
549,Compound,COMP,"Oct 20, 2021",$329.26,$304.42,$306.54,$322.26,"$163,174,417","$1,939,673,096"
550,Compound,COMP,"Oct 19, 2021",$309.98,$301.46,$305.47,$306.91,"$106,569,896","$1,847,261,644"
551,Compound,COMP,"Oct 18, 2021",$313.68,$299.31,$310.88,$305.66,"$121,608,991","$1,839,724,647"
552,Compound,COMP,"Oct 17, 2021",$323.08,$300.98,$316.47,$311.07,"$122,002,770","$1,712,800,328"
553,Compound,COMP,"Oct 16, 2021",$330.26,$313.86,$316.55,$316.57,"$143,451,662","$1,743,082,687"
554,Compound,COMP,"Oct 15, 2021",$324.71,$300.65,$315.37,$316.46,"$176,196,653","$1,742,463,082"
555,Compound,COMP,"Oct 14, 2021",$321.87,$304.31,$304.31,$314.16,"$134,473,195","$1,729,817,970"
556,Compound,COMP,"Oct 13, 2021",$309.20,$296.29,$306.51,$304.97,"$126,975,183","$1,679,190,797"
557,Compound,COMP,"Oct 12, 2021",$309.53,$287.63,$302.90,$306.38,"$143,137,840","$1,686,974,040"
558,Compound,COMP,"Oct 11, 2021",$318.63,$295.62,$304.20,$302.97,"$128,700,575","$1,668,178,440"
559,Compound,COMP,"Oct 10, 2021",$331.41,$302.71,$330.43,$304.54,"$125,664,621","$1,676,833,340"
560,Compound,COMP,"Oct 09, 2021",$334.67,$310.82,$313.12,$329.51,"$157,595,583","$1,814,342,123"
561,Compound,COMP,"Oct 08, 2021",$335.59,$310.93,$316.85,$313.57,"$222,013,309","$1,726,539,806"
562,Compound,COMP,"Oct 07, 2021",$325.48,$297.91,$306.05,$316.65,"$216,261,266","$1,743,534,212"
563,Compound,COMP,"Oct 06, 2021",$314.28,$288.39,$309.81,$306.74,"$217,604,218","$1,688,958,758"
564,Compound,COMP,"Oct 05, 2021",$321.26,$303.36,$312.93,$310.21,"$238,840,434","$1,708,023,145"
565,Compound,COMP,"Oct 04, 2021",$326.65,$309.39,$326.51,$312.94,"$228,842,990","$1,723,063,840"
566,Compound,COMP,"Oct 03, 2021",$345.82,$321.38,$337.87,$326.44,"$231,935,906","$1,797,390,222"
567,Compound,COMP,"Oct 02, 2021",$350.50,$318.24,$326.73,$338.57,"$210,961,711","$1,864,221,060"
568,Compound,COMP,"Oct 01, 2021",$329.63,$309.37,$317.85,$327.17,"$227,197,706","$1,801,439,352"
569,Compound,COMP,"Sep 30, 2021",$318.75,$287.47,$306.87,$318.75,"$453,040,837","$1,755,093,823"
570,Compound,COMP,"Sep 29, 2021",$337.77,$281.84,$320.40,$306.84,"$236,042,521","$1,689,511,122"
571,Compound,COMP,"Sep 28, 2021",$342.94,$319.38,$338.53,$320.07,"$109,746,676","$1,762,318,438"
572,Compound,COMP,"Sep 27, 2021",$375.04,$338.21,$354.99,$339.22,"$157,241,354","$1,867,777,384"
573,Compound,COMP,"Sep 26, 2021",$357.99,$310.55,$331.75,$352.99,"$181,946,831","$1,943,609,644"
574,Compound,COMP,"Sep 25, 2021",$346.85,$328.00,$341.14,$331.57,"$112,090,631","$1,825,644,316"
575,Compound,COMP,"Sep 24, 2021",$375.72,$318.60,$374.21,$341.60,"$185,385,845","$1,880,890,811"
576,Compound,COMP,"Sep 23, 2021",$375.20,$337.86,$347.47,$373.84,"$156,236,122","$2,058,404,598"
577,Compound,COMP,"Sep 22, 2021",$348.36,$306.56,$312.59,$347.95,"$170,325,406","$1,915,845,038"
578,Compound,COMP,"Sep 21, 2021",$349.89,$304.70,$337.98,$312.88,"$172,244,374","$1,722,744,881"
579,Compound,COMP,"Sep 20, 2021",$393.83,$332.95,$393.11,$335.66,"$195,216,732","$1,848,203,963"
580,Compound,COMP,"Sep 19, 2021",$401.79,$384.92,$401.06,$392.98,"$83,529,768","$2,163,801,910"
581,Compound,COMP,"Sep 18, 2021",$416.05,$392.74,$400.02,$401.25,"$106,194,024","$2,209,334,280"
582,Compound,COMP,"Sep 17, 2021",$428.24,$393.41,$422.31,$399.73,"$176,041,130","$2,200,960,679"
583,Compound,COMP,"Sep 16, 2021",$459.16,$412.52,$443.22,$422.54,"$205,899,205","$2,326,543,653"
584,Compound,COMP,"Sep 15, 2021",$449.53,$419.23,$446.97,$443.82,"$221,401,908","$2,443,711,072"
585,Compound,COMP,"Sep 14, 2021",$447.07,$377.73,$385.36,$447.07,"$285,983,942","$2,461,611,034"
586,Compound,COMP,"Sep 13, 2021",$406.97,$363.39,$403.61,$385.59,"$167,254,915","$2,123,121,865"
587,Compound,COMP,"Sep 12, 2021",$413.56,$388.12,$397.91,$403.07,"$117,999,282","$2,219,338,902"
588,Compound,COMP,"Sep 11, 2021",$408.20,$389.28,$391.15,$397.67,"$103,713,311","$2,189,604,416"
589,Compound,COMP,"Sep 10, 2021",$426.49,$383.49,$411.49,$391.12,"$143,696,793","$2,153,573,831"
590,Compound,COMP,"Sep 09, 2021",$428.14,$398.63,$400.21,$411.12,"$165,381,127","$2,263,691,271"
591,Compound,COMP,"Sep 08, 2021",$423.39,$380.96,$411.62,$408.93,"$279,813,512","$2,251,597,303"
592,Compound,COMP,"Sep 07, 2021",$510.26,$358.53,$509.29,$411.34,"$520,284,751","$2,264,872,559"
593,Compound,COMP,"Sep 06, 2021",$528.32,$476.73,$510.93,$508.91,"$338,345,499","$2,802,129,726"
594,Compound,COMP,"Sep 05, 2021",$524.60,$468.58,$471.11,$509.80,"$387,690,438","$2,807,008,615"
595,Compound,COMP,"Sep 04, 2021",$482.19,$462.51,$466.78,$471.44,"$165,570,167","$2,595,806,818"
596,Compound,COMP,"Sep 03, 2021",$480.46,$456.34,$462.52,$466.60,"$212,571,638","$2,569,165,472"
597,Compound,COMP,"Sep 02, 2021",$482.34,$458.23,$479.11,$462.87,"$234,688,776","$2,548,600,374"
598,Compound,COMP,"Sep 01, 2021",$484.52,$434.64,$442.30,$480.33,"$323,351,567","$2,644,728,633"
599,Compound,COMP,"Aug 31, 2021",$447.33,$412.05,$419.71,$442.10,"$344,711,295","$2,433,954,240"
600,Compound,COMP,"Aug 30, 2021",$452.83,$406.04,$418.83,$419.45,"$307,974,992","$2,308,302,797"
601,Compound,COMP,"Aug 29, 2021",$427.27,$400.05,$413.92,$418.89,"$149,992,214","$2,300,333,845"
602,Compound,COMP,"Aug 28, 2021",$426.12,$410.61,$421.30,$413.44,"$118,735,524","$2,270,390,019"
603,Compound,COMP,"Aug 27, 2021",$425.58,$390.92,$405.59,$420.92,"$169,560,751","$2,311,495,756"
604,Compound,COMP,"Aug 26, 2021",$439.16,$401.63,$435.65,$405.70,"$151,227,587","$2,227,639,155"
605,Compound,COMP,"Aug 25, 2021",$437.48,$411.98,$423.68,$435.11,"$197,993,135","$2,388,428,914"
606,Compound,COMP,"Aug 24, 2021",$469.97,$415.79,$465.84,$423.27,"$282,892,481","$2,322,799,448"
607,Compound,COMP,"Aug 23, 2021",$484.26,$456.55,$459.96,$465.56,"$308,093,557","$2,554,228,386"
608,Compound,COMP,"Aug 22, 2021",$482.40,$447.42,$462.75,$460.37,"$200,462,456","$2,524,561,267"
609,Compound,COMP,"Aug 21, 2021",$483.93,$456.27,$480.18,$462.33,"$234,079,818","$2,534,852,919"
610,Compound,COMP,"Aug 20, 2021",$492.47,$452.16,$457.71,$480.04,"$257,153,111","$2,630,138,149"
611,Compound,COMP,"Aug 19, 2021",$457.67,$419.75,$435.79,$457.67,"$219,622,942","$2,507,011,222"
612,Compound,COMP,"Aug 18, 2021",$459.50,$424.41,$446.96,$436.89,"$313,886,481","$2,392,491,398"
613,Compound,COMP,"Aug 17, 2021",$516.33,$442.83,$469.64,$446.94,"$361,578,802","$2,446,994,333"
614,Compound,COMP,"Aug 16, 2021",$528.94,$468.60,$489.15,$471.73,"$415,913,241","$2,581,820,847"
615,Compound,COMP,"Aug 15, 2021",$491.44,$449.97,$477.11,$489.45,"$262,107,591","$2,677,115,282"
616,Compound,COMP,"Aug 14, 2021",$485.56,$457.28,$483.89,$477.22,"$217,658,442","$2,609,130,375"
617,Compound,COMP,"Aug 13, 2021",$484.43,$450.65,$454.13,$483.64,"$190,281,413","$2,643,618,664"
618,Compound,COMP,"Aug 12, 2021",$481.90,$440.66,$468.69,$452.87,"$256,023,747","$2,474,820,044"
619,Compound,COMP,"Aug 11, 2021",$498.01,$465.64,$472.63,$468.79,"$261,875,227","$2,560,279,232"
620,Compound,COMP,"Aug 10, 2021",$484.60,$460.04,$467.25,$472.72,"$176,712,364","$2,581,012,783"
621,Compound,COMP,"Aug 09, 2021",$487.22,$445.34,$466.91,$467.94,"$198,915,126","$2,553,849,197"
622,Compound,COMP,"Aug 08, 2021",$512.02,$457.09,$507.57,$466.72,"$216,467,098","$2,545,685,072"
623,Compound,COMP,"Aug 07, 2021",$507.58,$461.65,$466.68,$505.93,"$329,764,290","$2,758,833,710"
624,Compound,COMP,"Aug 06, 2021",$484.29,$451.56,$475.63,$466.50,"$227,667,493","$2,542,410,363"
625,Compound,COMP,"Aug 05, 2021",$492.28,$437.48,$464.67,$474.91,"$430,588,679","$2,587,264,793"
626,Compound,COMP,"Aug 04, 2021",$472.12,$391.44,$396.80,$464.45,"$428,590,845","$2,529,975,745"
627,Compound,COMP,"Aug 03, 2021",$408.57,$386.01,$407.49,$396.05,"$210,083,962","$2,136,622,820"
628,Compound,COMP,"Aug 02, 2021",$425.14,$394.03,$409.62,$407.92,"$272,959,975","$2,198,838,622"
629,Compound,COMP,"Aug 01, 2021",$424.95,$392.71,$405.70,$410.60,"$225,218,338","$2,212,221,443"
630,Compound,COMP,"Jul 31, 2021",$409.60,$393.68,$404.10,$406.11,"$168,062,084","$2,187,342,259"
631,Compound,COMP,"Jul 30, 2021",$411.12,$382.99,$396.95,$404.56,"$232,745,360","$2,177,393,136"
632,Compound,COMP,"Jul 29, 2021",$401.28,$379.67,$388.01,$395.90,"$236,826,520","$2,129,978,598"
633,Compound,COMP,"Jul 28, 2021",$399.79,$381.41,$393.07,$387.74,"$354,466,477","$2,085,113,065"
634,Compound,COMP,"Jul 27, 2021",$407.36,$376.68,$392.52,$392.41,"$379,699,832","$2,109,793,808"
635,Compound,COMP,"Jul 26, 2021",$438.03,$385.20,$391.53,$393.63,"$483,221,314","$2,115,795,109"
636,Compound,COMP,"Jul 25, 2021",$412.56,$370.40,$410.14,$391.05,"$271,978,561","$2,101,140,477"
637,Compound,COMP,"Jul 24, 2021",$428.29,$402.42,$417.54,$409.99,"$216,417,622","$2,201,507,087"
638,Compound,COMP,"Jul 23, 2021",$426.42,$386.64,$414.38,$417.56,"$255,438,984","$2,241,449,881"
639,Compound,COMP,"Jul 22, 2021",$414.99,$368.96,$376.69,$414.54,"$332,512,732","$2,224,681,168"
640,Compound,COMP,"Jul 21, 2021",$398.81,$339.95,$349.73,$375.83,"$295,255,048","$2,016,494,235"
641,Compound,COMP,"Jul 20, 2021",$360.58,$310.76,$339.74,$350.18,"$262,160,319","$1,878,357,592"
642,Compound,COMP,"Jul 19, 2021",$379.62,$335.84,$379.31,$338.79,"$199,591,173","$1,816,701,834"
643,Compound,COMP,"Jul 18, 2021",$398.41,$372.95,$378.78,$380.28,"$149,349,892","$2,038,658,525"
644,Compound,COMP,"Jul 17, 2021",$386.96,$365.61,$367.84,$378.90,"$159,438,156","$2,030,657,067"
645,Compound,COMP,"Jul 16, 2021",$409.72,$367.67,$397.99,$368.67,"$193,000,007","$1,975,217,779"
646,Compound,COMP,"Jul 15, 2021",$431.38,$393.67,$410.53,$398.37,"$348,802,241","$2,133,335,999"
647,Compound,COMP,"Jul 14, 2021",$424.32,$360.02,$387.66,$410.19,"$280,425,711","$2,196,179,753"
648,Compound,COMP,"Jul 13, 2021",$416.96,$381.57,$412.81,$386.77,"$169,059,025","$2,070,133,902"
649,Compound,COMP,"Jul 12, 2021",$443.83,$402.62,$435.79,$413.88,"$209,754,969","$2,214,769,182"
650,Compound,COMP,"Jul 11, 2021",$456.75,$414.77,$422.98,$435.05,"$276,302,771","$2,326,432,893"
651,Compound,COMP,"Jul 10, 2021",$448.50,$410.74,$434.93,$422.98,"$300,055,506","$2,261,365,421"
652,Compound,COMP,"Jul 09, 2021",$440.28,$386.99,$414.67,$434.17,"$332,187,136","$2,320,254,715"
653,Compound,COMP,"Jul 08, 2021",$445.32,$409.52,$441.78,$415.30,"$376,724,424","$2,219,110,820"
654,Compound,COMP,"Jul 07, 2021",$492.33,$435.43,$481.99,$439.13,"$370,210,044","$2,346,090,602"
655,Compound,COMP,"Jul 06, 2021",$528.99,$464.65,$492.92,$482.72,"$625,920,711","$2,576,625,895"
656,Compound,COMP,"Jul 05, 2021",$517.49,$414.19,$444.55,$492.96,"$786,615,373","$2,629,355,062"
657,Compound,COMP,"Jul 04, 2021",$464.03,$368.74,$380.71,$444.56,"$442,261,433","$2,370,436,418"
658,Compound,COMP,"Jul 03, 2021",$386.72,$362.50,$368.37,$379.68,"$286,156,204","$2,023,537,465"
659,Compound,COMP,"Jul 02, 2021",$367.01,$307.58,$332.60,$367.01,"$332,764,099","$1,955,703,048"
660,Compound,COMP,"Jul 01, 2021",$355.39,$319.84,$337.75,$333.73,"$361,391,417","$1,777,963,843"
661,Compound,COMP,"Jun 30, 2021",$336.23,$285.36,$310.42,$335.43,"$211,599,138","$1,784,464,825"
662,Compound,COMP,"Jun 29, 2021",$330.02,$307.73,$311.32,$309.45,"$232,335,419","$1,645,686,315"
663,Compound,COMP,"Jun 28, 2021",$318.14,$249.19,$257.46,$309.87,"$350,589,575","$1,647,475,904"
664,Compound,COMP,"Jun 27, 2021",$257.50,$224.27,$225.41,$257.16,"$120,904,849","$1,366,617,885"
665,Compound,COMP,"Jun 26, 2021",$229.28,$211.92,$222.46,$225.18,"$127,074,237","$1,196,284,487"
666,Compound,COMP,"Jun 25, 2021",$260.49,$221.72,$256.33,$223.45,"$122,294,818","$1,186,601,291"
667,Compound,COMP,"Jun 24, 2021",$260.14,$227.97,$242.17,$256.24,"$123,838,023","$1,343,945,585"
668,Compound,COMP,"Jun 23, 2021",$270.72,$225.77,$234.67,$248.93,"$171,184,097","$1,305,597,837"
669,Compound,COMP,"Jun 22, 2021",$247.78,$197.52,$221.89,$234.41,"$194,788,115","$1,243,489,603"
670,Compound,COMP,"Jun 21, 2021",$295.81,$221.15,$292.95,$221.85,"$141,819,904","$1,175,792,268"
671,Compound,COMP,"Jun 20, 2021",$299.31,$260.37,$273.64,$293.62,"$117,435,264","$1,556,123,684"
672,Compound,COMP,"Jun 19, 2021",$287.21,$272.11,$278.59,$274.83,"$68,362,808","$1,456,205,621"
673,Compound,COMP,"Jun 18, 2021",$308.75,$265.82,$306.82,$278.15,"$113,520,409","$1,472,526,619"
674,Compound,COMP,"Jun 17, 2021",$322.08,$297.22,$304.72,$307.03,"$88,071,888","$1,612,755,926"
675,Compound,COMP,"Jun 16, 2021",$325.87,$302.34,$325.87,$304.60,"$109,119,651","$1,599,780,384"
676,Compound,COMP,"Jun 15, 2021",$352.60,$322.13,$332.14,$351.51,"$144,928,718","$1,844,853,779"
677,Compound,COMP,"Jun 14, 2021",$342.60,$317.72,$323.81,$327.82,"$125,868,910","$1,719,817,673"
678,Compound,COMP,"Jun 13, 2021",$329.98,$285.31,$296.20,$324.61,"$121,770,700","$1,702,953,716"
679,Compound,COMP,"Jun 12, 2021",$305.72,$279.54,$295.12,$296.36,"$131,463,579","$1,554,381,085"
680,Compound,COMP,"Jun 11, 2021",$330.97,$293.74,$327.84,$294.63,"$128,764,184","$1,544,631,576"
681,Compound,COMP,"Jun 10, 2021",$365.29,$321.01,$364.04,$327.66,"$158,884,610","$1,717,495,427"
682,Compound,COMP,"Jun 09, 2021",$378.98,$329.80,$350.78,$363.92,"$208,608,882","$1,906,989,297"
683,Compound,COMP,"Jun 08, 2021",$352.08,$308.41,$343.20,$351.79,"$194,672,274","$1,841,959,237"
684,Compound,COMP,"Jun 07, 2021",$412.28,$342.02,$388.56,$342.74,"$155,703,683","$1,794,320,782"
685,Compound,COMP,"Jun 06, 2021",$394.52,$377.86,$387.51,$388.73,"$99,095,230","$2,033,922,736"
686,Compound,COMP,"Jun 05, 2021",$417.37,$377.77,$402.10,$388.06,"$131,632,428","$2,029,623,889"
687,Compound,COMP,"Jun 04, 2021",$449.54,$384.63,$449.54,$401.21,"$174,007,587","$2,097,995,926"
688,Compound,COMP,"Jun 03, 2021",$453.84,$426.91,$435.16,$449.34,"$142,751,963","$2,349,126,427"
689,Compound,COMP,"Jun 02, 2021",$459.63,$413.64,$426.89,$435.07,"$151,940,266","$2,274,042,658"
690,Compound,COMP,"Jun 01, 2021",$439.41,$408.54,$436.03,$427.79,"$188,587,129","$2,235,036,688"
691,Compound,COMP,"May 31, 2021",$437.00,$382.68,$405.72,$437.00,"$210,776,015","$2,281,673,537"
692,Compound,COMP,"May 30, 2021",$424.15,$334.72,$353.75,$406.11,"$216,085,511","$2,120,184,726"
693,Compound,COMP,"May 29, 2021",$404.59,$334.27,$377.75,$354.76,"$200,061,892","$1,850,898,923"
694,Compound,COMP,"May 28, 2021",$426.08,$357.29,$422.43,$377.81,"$209,475,298","$1,969,757,310"
695,Compound,COMP,"May 27, 2021",$463.18,$404.67,$463.18,$420.40,"$198,598,963","$2,191,808,987"
696,Compound,COMP,"May 26, 2021",$464.76,$414.59,$427.10,$461.60,"$254,940,071","$2,406,105,262"
697,Compound,COMP,"May 25, 2021",$440.21,$368.87,$426.66,$426.29,"$349,302,619","$2,220,068,049"
698,Compound,COMP,"May 24, 2021",$435.23,$330.52,$340.70,$425.30,"$327,638,859","$2,214,180,189"
699,Compound,COMP,"May 23, 2021",$401.74,$268.36,$384.72,$342.96,"$387,575,621","$1,784,556,315"
700,Compound,COMP,"May 22, 2021",$455.05,$371.62,$449.08,$384.13,"$321,827,253","$1,990,734,371"
701,Compound,COMP,"May 21, 2021",$584.11,$382.55,$547.86,$449.04,"$459,053,400","$2,325,961,805"
702,Compound,COMP,"May 20, 2021",$571.32,$416.81,$472.27,$548.07,"$493,566,961","$2,837,594,442"
703,Compound,COMP,"May 19, 2021",$673.19,$359.66,$667.25,$477.56,"$713,757,050","$2,471,752,464"
704,Compound,COMP,"May 18, 2021",$726.90,$649.80,$694.20,$666.56,"$358,229,381","$3,445,141,149"
705,Compound,COMP,"May 17, 2021",$709.23,$613.85,$684.34,$697.88,"$429,508,314","$3,607,004,869"
706,Compound,COMP,"May 16, 2021",$734.74,$632.49,$688.79,$685.23,"$413,262,655","$3,541,044,861"
707,Compound,COMP,"May 15, 2021",$782.62,$686.65,$774.08,$689.07,"$425,886,132","$3,558,894,380"
708,Compound,COMP,"May 14, 2021",$820.88,$747.95,$767.14,$775.58,"$361,900,880","$3,936,537,522"
709,Compound,COMP,"May 13, 2021",$810.49,$699.30,$735.86,$765.69,"$530,823,872","$3,886,347,026"
710,Compound,COMP,"May 12, 2021",$911.20,$727.73,$854.31,$727.73,"$489,902,622","$3,693,695,592"
711,Compound,COMP,"May 11, 2021",$869.98,$773.26,$780.53,$854.48,"$550,925,594","$4,337,025,957"
712,Compound,COMP,"May 10, 2021",$809.94,$718.80,$770.00,$779.69,"$356,356,477","$3,957,401,549"
713,Compound,COMP,"May 09, 2021",$784.85,$736.27,$782.43,$770.51,"$217,750,179","$3,910,799,697"
714,Compound,COMP,"May 08, 2021",$799.92,$702.62,$714.69,$782.53,"$325,162,017","$3,971,839,590"
715,Compound,COMP,"May 07, 2021",$744.53,$693.36,$741.24,$715.32,"$227,814,872","$3,630,685,737"
716,Compound,COMP,"May 06, 2021",$802.99,$726.52,$786.69,$741.03,"$256,671,074","$3,761,203,840"
717,Compound,COMP,"May 05, 2021",$788.47,$731.15,$740.00,$786.31,"$261,503,451","$3,991,036,134"
718,Compound,COMP,"May 04, 2021",$840.46,$727.87,$831.04,$741.73,"$394,291,527","$3,764,766,672"
719,Compound,COMP,"May 03, 2021",$839.33,$790.20,$805.14,$830.48,"$450,993,740","$4,215,218,060"
720,Compound,COMP,"May 02, 2021",$878.14,$786.24,$803.38,$806.84,"$417,257,636","$4,095,194,111"
721,Compound,COMP,"May 01, 2021",$830.91,$726.10,$741.50,$803.99,"$430,166,472","$4,080,749,101"
722,Compound,COMP,"Apr 30, 2021",$743.01,$637.15,$643.29,$742.86,"$309,255,171","$3,770,473,467"
723,Compound,COMP,"Apr 29, 2021",$682.85,$630.37,$648.04,$643.34,"$206,507,572","$3,265,362,216"
724,Compound,COMP,"Apr 28, 2021",$679.61,$607.78,$657.97,$647.42,"$257,643,872","$3,286,078,691"
725,Compound,COMP,"Apr 27, 2021",$687.49,$635.98,$642.45,$657.40,"$430,772,097","$3,336,725,348"
726,Compound,COMP,"Apr 26, 2021",$668.91,$550.49,$553.09,$645.63,"$527,662,958","$3,276,953,947"
727,Compound,COMP,"Apr 25, 2021",$591.93,$523.97,$568.15,$551.25,"$446,071,168","$2,797,948,225"
728,Compound,COMP,"Apr 24, 2021",$659.87,$543.92,$622.13,$567.91,"$696,763,234","$2,882,493,614"
729,Compound,COMP,"Apr 23, 2021",$642.77,$447.06,$529.63,$622.52,"$1,146,126,586","$3,159,687,482"
730,Compound,COMP,"Apr 22, 2021",$594.70,$489.13,$492.61,$531.66,"$857,954,011","$2,698,490,011"
731,Compound,COMP,"Apr 21, 2021",$507.80,$446.08,$484.92,$492.23,"$384,035,595","$2,498,446,783"
732,Compound,COMP,"Apr 20, 2021",$498.22,$424.23,$477.62,$484.76,"$509,747,855","$2,460,525,936"
733,Compound,COMP,"Apr 19, 2021",$513.68,$433.60,$487.09,$478.17,"$439,143,916","$2,427,118,924"
734,Compound,COMP,"Apr 18, 2021",$544.68,$428.10,$541.70,$486.59,"$572,339,454","$2,469,812,706"
735,Compound,COMP,"Apr 17, 2021",$594.37,$537.97,$565.58,$541.61,"$335,566,300","$2,749,115,377"
736,Compound,COMP,"Apr 16, 2021",$612.00,$542.44,$562.53,$566.86,"$603,727,075","$2,877,256,948"
737,Compound,COMP,"Apr 15, 2021",$593.85,$486.24,$486.24,$563.81,"$515,322,835","$2,861,770,276"
738,Compound,COMP,"Apr 14, 2021",$495.91,$451.35,$484.48,$485.23,"$264,548,783","$2,462,496,261"
739,Compound,COMP,"Apr 13, 2021",$485.72,$445.29,$465.76,$484.89,"$240,723,088","$2,458,032,377"
740,Compound,COMP,"Apr 12, 2021",$470.98,$436.71,$460.12,$465.37,"$226,643,091","$2,357,977,765"
741,Compound,COMP,"Apr 11, 2021",$462.35,$440.15,$451.74,$461.15,"$190,741,550","$2,335,981,220"
742,Compound,COMP,"Apr 10, 2021",$461.54,$435.66,$454.44,$452.32,"$188,230,892","$2,290,592,433"
743,Compound,COMP,"Apr 09, 2021",$467.80,$449.57,$457.19,$454.44,"$167,890,988","$2,299,993,423"
744,Compound,COMP,"Apr 08, 2021",$478.01,$439.29,$443.60,$457.19,"$200,646,516","$2,313,204,919"
745,Compound,COMP,"Apr 07, 2021",$495.20,$437.15,$483.59,$443.24,"$355,364,126","$2,242,000,544"
746,Compound,COMP,"Apr 06, 2021",$525.55,$478.24,$512.89,$483.80,"$249,949,669","$2,446,333,153"
747,Compound,COMP,"Apr 05, 2021",$555.40,$503.89,$551.59,$511.33,"$288,443,694","$2,583,615,123"
748,Compound,COMP,"Apr 04, 2021",$562.12,$473.71,$480.67,$552.18,"$435,595,247","$2,789,520,771"
749,Compound,COMP,"Apr 03, 2021",$497.53,$468.10,$485.23,$480.83,"$264,025,710","$2,426,630,819"
750,Compound,COMP,"Apr 02, 2021",$489.20,$447.38,$451.10,$485.39,"$223,024,023","$2,448,470,681"
751,Compound,COMP,"Apr 01, 2021",$463.04,$398.40,$398.40,$451.35,"$334,811,924","$2,276,457,598"
752,Compound,COMP,"Mar 31, 2021",$405.65,$384.34,$403.77,$398.39,"$166,954,928","$2,003,322,647"
753,Compound,COMP,"Mar 30, 2021",$420.94,$400.76,$407.53,$403.78,"$158,067,916","$1,936,014,076"
754,Compound,COMP,"Mar 29, 2021",$408.81,$359.18,$362.52,$407.12,"$165,875,307","$1,951,004,438"
755,Compound,COMP,"Mar 28, 2021",$371.85,$357.31,$362.89,$362.49,"$99,105,214","$1,736,757,657"
756,Compound,COMP,"Mar 27, 2021",$373.40,$352.66,$369.51,$362.72,"$135,362,124","$1,736,082,868"
757,Compound,COMP,"Mar 26, 2021",$378.14,$361.00,$361.00,$369.51,"$147,027,861","$1,734,289,265"
758,Compound,COMP,"Mar 25, 2021",$367.40,$333.81,$346.44,$361.10,"$192,838,107","$1,694,553,562"
759,Compound,COMP,"Mar 24, 2021",$386.20,$338.14,$361.86,$346.53,"$181,897,903","$1,625,646,824"
760,Compound,COMP,"Mar 23, 2021",$394.26,$361.28,$380.02,$362.07,"$195,087,884","$1,697,957,935"
761,Compound,COMP,"Mar 22, 2021",$417.30,$375.72,$404.71,$380.40,"$248,442,492","$1,782,572,362"
762,Compound,COMP,"Mar 21, 2021",$427.03,$402.15,$414.44,$404.66,"$184,990,622","$1,895,481,175"
763,Compound,COMP,"Mar 20, 2021",$445.14,$414.55,$441.30,$414.55,"$166,730,270","$1,941,497,404"
764,Compound,COMP,"Mar 19, 2021",$444.41,$422.88,$430.63,$441.30,"$137,656,459","$2,066,315,386"
765,Compound,COMP,"Mar 18, 2021",$449.11,$430.23,$435.15,$430.74,"$138,908,587","$2,014,663,114"
766,Compound,COMP,"Mar 17, 2021",$438.77,$421.85,$432.64,$435.29,"$140,143,800","$2,034,979,719"
767,Compound,COMP,"Mar 16, 2021",$440.79,$419.00,$431.53,$432.63,"$144,404,011","$2,022,051,755"
768,Compound,COMP,"Mar 15, 2021",$450.47,$421.17,$439.56,$431.45,"$182,403,550","$2,015,697,325"
769,Compound,COMP,"Mar 14, 2021",$469.47,$436.44,$465.21,$439.60,"$159,644,903","$2,053,428,531"
770,Compound,COMP,"Mar 13, 2021",$467.45,$413.98,$435.05,$465.27,"$218,573,114","$2,170,396,628"
771,Compound,COMP,"Mar 12, 2021",$467.77,$432.35,$465.35,$435.06,"$204,731,069","$2,029,296,990"
772,Compound,COMP,"Mar 11, 2021",$475.92,$452.05,$460.06,$465.28,"$214,820,174","$2,169,884,988"
773,Compound,COMP,"Mar 10, 2021",$502.31,$454.15,$498.36,$460.25,"$235,414,607","$2,144,535,296"
774,Compound,COMP,"Mar 09, 2021",$501.43,$471.90,$478.59,$498.25,"$226,152,100","$2,321,105,312"
775,Compound,COMP,"Mar 08, 2021",$489.13,$464.77,$487.04,$478.76,"$205,370,947","$2,229,169,035"
776,Compound,COMP,"Mar 07, 2021",$493.63,$471.57,$490.87,$486.87,"$181,625,852","$2,266,167,023"
777,Compound,COMP,"Mar 06, 2021",$506.89,$469.72,$476.20,$490.89,"$248,100,401","$2,284,118,778"
778,Compound,COMP,"Mar 05, 2021",$481.94,$445.97,$469.39,$476.38,"$215,212,062","$2,215,971,234"
779,Compound,COMP,"Mar 04, 2021",$502.39,$457.58,$492.57,$469.42,"$251,680,151","$2,182,947,420"
780,Compound,COMP,"Mar 03, 2021",$516.64,$491.97,$499.78,$492.73,"$223,458,734","$2,289,383,375"
781,Compound,COMP,"Mar 02, 2021",$531.98,$479.92,$493.00,$499.62,"$434,910,290","$2,320,398,853"
782,Compound,COMP,"Mar 01, 2021",$494.75,$402.68,$402.68,$493.01,"$370,266,545","$2,288,233,872"
783,Compound,COMP,"Feb 28, 2021",$409.07,$351.75,$399.08,$402.33,"$261,437,958","$1,866,377,965"
784,Compound,COMP,"Feb 27, 2021",$431.17,$390.66,$397.41,$399.08,"$214,137,271","$1,850,549,881"
785,Compound,COMP,"Feb 26, 2021",$420.23,$374.72,$396.97,$397.30,"$368,237,222","$1,841,459,665"
786,Compound,COMP,"Feb 25, 2021",$456.58,$396.55,$437.25,$396.55,"$281,184,490","$1,837,650,003"
787,Compound,COMP,"Feb 24, 2021",$458.20,$371.14,$380.46,$437.64,"$379,612,936","$2,026,320,717"
788,Compound,COMP,"Feb 23, 2021",$427.03,$325.46,$423.04,$379.96,"$405,503,968","$1,758,596,972"
789,Compound,COMP,"Feb 22, 2021",$466.79,$376.67,$453.25,$423.10,"$402,214,710","$1,957,574,427"
790,Compound,COMP,"Feb 21, 2021",$468.92,$445.00,$453.80,$453.26,"$230,730,894","$2,096,735,644"
791,Compound,COMP,"Feb 20, 2021",$504.06,$438.05,$451.40,$454.26,"$396,109,769","$2,100,847,607"
792,Compound,COMP,"Feb 19, 2021",$480.13,$437.28,$457.38,$451.41,"$297,485,035","$2,081,661,606"
793,Compound,COMP,"Feb 18, 2021",$478.89,$451.89,$473.70,$457.36,"$225,995,836","$2,109,113,755"
794,Compound,COMP,"Feb 17, 2021",$474.14,$414.85,$456.52,$473.69,"$524,717,672","$2,184,399,605"
795,Compound,COMP,"Feb 16, 2021",$504.42,$439.99,$460.31,$456.62,"$520,107,891","$2,105,680,895"
796,Compound,COMP,"Feb 15, 2021",$504.62,$403.38,$472.44,$460.47,"$555,139,801","$2,123,439,591"
797,Compound,COMP,"Feb 14, 2021",$527.25,$463.53,$512.89,$472.58,"$453,592,868","$2,179,309,620"
798,Compound,COMP,"Feb 13, 2021",$556.97,$500.72,$537.58,$512.98,"$559,243,636","$2,365,163,507"
799,Compound,COMP,"Feb 12, 2021",$566.69,$482.88,$503.42,$537.78,"$782,357,736","$2,479,027,203"
800,Compound,COMP,"Feb 11, 2021",$520.90,$457.96,$476.45,$503.78,"$697,131,443","$2,321,150,194"
801,Compound,COMP,"Feb 10, 2021",$525.56,$443.88,$487.99,$476.90,"$773,884,562","$2,196,063,079"
802,Compound,COMP,"Feb 09, 2021",$488.47,$437.61,$455.74,$487.95,"$635,576,801","$2,246,423,752"
803,Compound,COMP,"Feb 08, 2021",$496.69,$444.94,$458.34,$455.72,"$577,410,310","$2,097,290,992"
804,Compound,COMP,"Feb 07, 2021",$477.89,$398.33,$463.57,$458.46,"$589,496,036","$2,108,825,779"
805,Compound,COMP,"Feb 06, 2021",$547.95,$445.25,$533.94,$463.57,"$682,148,015","$2,131,339,798"
806,Compound,COMP,"Feb 05, 2021",$549.88,$456.21,$456.38,$534.09,"$705,730,970","$2,453,953,862"
807,Compound,COMP,"Feb 04, 2021",$496.21,$382.25,$387.65,$456.52,"$778,379,101","$2,096,944,532"
808,Compound,COMP,"Feb 03, 2021",$388.80,$344.54,$356.23,$387.16,"$275,943,175","$1,775,856,234"
809,Compound,COMP,"Feb 02, 2021",$364.78,$338.07,$364.78,$356.23,"$317,267,056","$1,633,528,949"
810,Compound,COMP,"Feb 01, 2021",$374.41,$332.62,$347.11,$364.87,"$480,603,112","$1,672,508,212"
811,Compound,COMP,"Jan 31, 2021",$347.56,$305.59,$338.58,$347.42,"$369,493,311","$1,591,139,861"
812,Compound,COMP,"Jan 30, 2021",$339.00,$279.59,$291.84,$338.58,"$573,004,597","$1,550,307,269"
813,Compound,COMP,"Jan 29, 2021",$300.80,$238.08,$255.84,$292.04,"$413,838,328","$1,336,656,661"
814,Compound,COMP,"Jan 28, 2021",$267.23,$215.07,$220.15,$253.14,"$268,753,140","$1,131,344,934"
815,Compound,COMP,"Jan 27, 2021",$239.06,$210.31,$236.25,$220.17,"$286,767,529","$983,693,744"
816,Compound,COMP,"Jan 26, 2021",$240.91,$207.18,$212.93,$236.08,"$281,462,859","$1,053,990,599"
817,Compound,COMP,"Jan 25, 2021",$258.36,$207.12,$250.62,$213.04,"$277,243,636","$950,698,665"
818,Compound,COMP,"Jan 24, 2021",$252.22,$206.01,$207.02,$250.62,"$273,988,756","$1,118,037,820"
819,Compound,COMP,"Jan 23, 2021",$212.62,$197.39,$199.35,$207.02,"$183,164,461","$922,672,605"
820,Compound,COMP,"Jan 22, 2021",$208.63,$166.88,$176.81,$199.44,"$215,949,079","$888,693,794"
821,Compound,COMP,"Jan 21, 2021",$212.52,$176.80,$212.15,$176.80,"$234,871,474","$787,156,126"
822,Compound,COMP,"Jan 20, 2021",$218.79,$199.02,$212.97,$212.11,"$227,830,789","$944,237,457"
823,Compound,COMP,"Jan 19, 2021",$234.73,$210.91,$225.64,$213.14,"$228,677,255","$948,485,131"
824,Compound,COMP,"Jan 18, 2021",$236.59,$208.05,$215.50,$225.59,"$244,411,513","$1,003,254,470"
825,Compound,COMP,"Jan 17, 2021",$225.65,$201.37,$207.92,$215.43,"$255,473,230","$957,867,969"
826,Compound,COMP,"Jan 16, 2021",$219.34,$202.86,$203.20,$208.00,"$214,570,745","$924,690,660"
827,Compound,COMP,"Jan 15, 2021",$217.40,$187.49,$214.37,$203.32,"$216,932,219","$903,641,402"
828,Compound,COMP,"Jan 14, 2021",$224.74,$202.30,$211.18,$214.27,"$273,884,599","$951,798,647"
829,Compound,COMP,"Jan 13, 2021",$217.14,$175.40,$182.64,$211.21,"$333,787,604","$937,683,456"
830,Compound,COMP,"Jan 12, 2021",$200.73,$163.23,$167.66,$182.68,"$292,757,306","$810,331,258"
831,Compound,COMP,"Jan 11, 2021",$195.61,$148.77,$195.61,$167.74,"$423,164,464","$743,775,597"
832,Compound,COMP,"Jan 10, 2021",$208.70,$171.34,$181.53,$195.71,"$393,726,559","$867,319,793"
833,Compound,COMP,"Jan 09, 2021",$186.45,$161.91,$165.46,$181.55,"$196,707,857","$804,279,526"
834,Compound,COMP,"Jan 08, 2021",$180.84,$153.87,$173.50,$165.46,"$232,942,660","$732,686,230"
835,Compound,COMP,"Jan 07, 2021",$190.08,$166.77,$181.56,$173.64,"$276,474,689","$768,429,003"
836,Compound,COMP,"Jan 06, 2021",$185.58,$160.66,$161.84,$181.48,"$223,952,643","$802,826,803"
837,Compound,COMP,"Jan 05, 2021",$165.34,$146.94,$149.63,$161.82,"$202,766,335","$715,657,723"
838,Compound,COMP,"Jan 04, 2021",$160.27,$138.68,$146.33,$149.59,"$211,489,230","$661,291,611"
839,Compound,COMP,"Jan 03, 2021",$150.76,$135.63,$136.72,$146.20,"$164,874,016","$646,224,974"
840,Compound,COMP,"Jan 02, 2021",$147.61,$135.34,$145.45,$136.71,"$138,001,532","$603,952,197"
841,Compound,COMP,"Jan 01, 2021",$154.83,$140.51,$149.92,$145.39,"$176,867,845","$641,940,432"
842,Compound,COMP,"Dec 31, 2020",$157.21,$142.72,$157.21,$149.89,"$153,137,945","$661,598,286"
843,Compound,COMP,"Dec 30, 2020",$158.42,$138.25,$139.69,$157.28,"$184,863,941","$694,018,912"
844,Compound,COMP,"Dec 29, 2020",$145.77,$130.19,$143.18,$139.73,"$168,072,111","$616,013,318"
845,Compound,COMP,"Dec 28, 2020",$143.16,$130.50,$131.33,$143.16,"$155,112,349","$630,916,382"
846,Compound,COMP,"Dec 27, 2020",$139.43,$127.83,$129.94,$131.32,"$173,958,718","$578,584,638"
847,Compound,COMP,"Dec 26, 2020",$138.68,$128.14,$137.91,$129.93,"$153,859,758","$572,005,321"
848,Compound,COMP,"Dec 25, 2020",$143.37,$134.37,$136.52,$137.92,"$155,248,497","$606,923,902"
849,Compound,COMP,"Dec 24, 2020",$137.48,$126.47,$130.08,$136.53,"$110,827,744","$600,531,692"
850,Compound,COMP,"Dec 23, 2020",$148.54,$122.85,$145.22,$129.99,"$157,675,830","$571,709,214"
851,Compound,COMP,"Dec 22, 2020",$148.47,$136.49,$142.39,$145.24,"$147,805,614","$638,385,665"
852,Compound,COMP,"Dec 21, 2020",$155.06,$140.06,$153.33,$142.52,"$128,306,330","$626,058,604"
853,Compound,COMP,"Dec 20, 2020",$162.09,$151.87,$155.74,$153.31,"$107,469,710","$672,840,267"
854,Compound,COMP,"Dec 19, 2020",$164.89,$154.84,$160.27,$155.75,"$183,314,519","$683,390,844"
855,Compound,COMP,"Dec 18, 2020",$177.47,$150.50,$177.47,$160.27,"$297,736,480","$702,874,426"
856,Compound,COMP,"Dec 17, 2020",$178.19,$152.11,$155.42,$177.43,"$286,853,743","$777,781,675"
857,Compound,COMP,"Dec 16, 2020",$157.42,$148.15,$150.29,$155.43,"$198,151,703","$681,043,963"
858,Compound,COMP,"Dec 15, 2020",$154.06,$147.17,$153.02,$150.29,"$168,337,184","$658,076,326"
859,Compound,COMP,"Dec 14, 2020",$159.21,$143.80,$147.09,$153.02,"$175,974,025","$665,027,783"
860,Compound,COMP,"Dec 13, 2020",$153.23,$140.77,$144.53,$147.07,"$164,535,858","$638,882,602"
861,Compound,COMP,"Dec 12, 2020",$153.03,$142.48,$142.48,$144.51,"$194,034,347","$627,296,607"
862,Compound,COMP,"Dec 11, 2020",$149.67,$137.94,$149.23,$142.55,"$223,630,514","$618,646,696"
863,Compound,COMP,"Dec 10, 2020",$165.72,$148.66,$164.50,$149.21,"$232,208,184","$647,321,538"
864,Compound,COMP,"Dec 09, 2020",$170.59,$146.12,$154.72,$164.46,"$357,290,626","$713,844,115"
865,Compound,COMP,"Dec 08, 2020",$178.80,$149.57,$149.90,$154.62,"$464,316,226","$670,488,891"
866,Compound,COMP,"Dec 07, 2020",$150.88,$135.23,$136.98,$149.89,"$185,141,869","$652,171,903"
867,Compound,COMP,"Dec 06, 2020",$143.89,$132.75,$143.21,$136.99,"$184,359,899","$595,660,520"
868,Compound,COMP,"Dec 05, 2020",$144.06,$125.35,$126.99,$143.21,"$225,422,452","$622,383,050"
869,Compound,COMP,"Dec 04, 2020",$146.96,$125.18,$131.99,$127.00,"$304,498,553","$551,756,703"
870,Compound,COMP,"Dec 03, 2020",$137.22,$112.85,$113.47,$131.98,"$225,036,470","$553,585,486"
871,Compound,COMP,"Dec 02, 2020",$114.81,$104.64,$105.08,$113.44,"$119,027,109","$475,432,713"
872,Compound,COMP,"Dec 01, 2020",$117.66,$104.41,$111.92,$105.07,"$145,646,870","$440,132,157"
873,Compound,COMP,"Nov 30, 2020",$114.24,$109.08,$110.53,$111.91,"$110,666,919","$468,514,039"
874,Compound,COMP,"Nov 29, 2020",$111.49,$106.14,$108.17,$110.53,"$96,836,542","$462,331,771"
875,Compound,COMP,"Nov 28, 2020",$109.61,$102.44,$104.37,$108.17,"$117,883,740","$452,268,966"
876,Compound,COMP,"Nov 27, 2020",$109.91,$100.61,$107.09,$104.36,"$113,660,211","$436,287,700"
877,Compound,COMP,"Nov 26, 2020",$125.66,$99.10,$123.13,$107.07,"$185,010,691","$447,258,901"
878,Compound,COMP,"Nov 25, 2020",$139.56,$120.55,$127.57,$123.15,"$186,414,179","$513,909,059"
879,Compound,COMP,"Nov 24, 2020",$132.83,$121.97,$125.76,$127.56,"$176,259,481","$532,158,750"
880,Compound,COMP,"Nov 23, 2020",$128.91,$115.74,$116.20,$125.76,"$151,144,329","$524,317,853"
881,Compound,COMP,"Nov 22, 2020",$128.52,$113.00,$127.15,$116.20,"$158,777,675","$483,978,945"
882,Compound,COMP,"Nov 21, 2020",$127.86,$113.53,$116.33,$127.15,"$161,250,374","$529,356,198"
883,Compound,COMP,"Nov 20, 2020",$123.80,$113.24,$113.24,$116.33,"$137,175,253","$484,213,906"
884,Compound,COMP,"Nov 19, 2020",$118.29,$108.74,$114.48,$113.24,"$139,798,864","$471,215,316"
885,Compound,COMP,"Nov 18, 2020",$125.54,$107.81,$121.94,$114.48,"$173,045,625","$475,845,649"
886,Compound,COMP,"Nov 17, 2020",$127.41,$118.54,$125.58,$121.94,"$155,941,715","$506,572,773"
887,Compound,COMP,"Nov 16, 2020",$124.41,$114.61,$119.88,$120.72,"$175,692,633","$501,294,481"
888,Compound,COMP,"Nov 15, 2020",$130.36,$113.81,$122.26,$119.88,"$226,711,283","$497,587,072"
889,Compound,COMP,"Nov 14, 2020",$124.18,$107.91,$116.52,$122.26,"$202,048,420","$507,256,474"
890,Compound,COMP,"Nov 13, 2020",$116.52,$103.45,$104.08,$116.52,"$149,309,526","$483,297,772"
891,Compound,COMP,"Nov 12, 2020",$108.48,$99.46,$103.24,$104.08,"$126,901,690","$431,381,286"
892,Compound,COMP,"Nov 11, 2020",$113.99,$101.94,$102.20,$103.24,"$168,840,706","$427,639,557"
893,Compound,COMP,"Nov 10, 2020",$105.10,$93.98,$94.52,$102.20,"$118,822,111","$423,201,937"
894,Compound,COMP,"Nov 09, 2020",$100.37,$93.45,$97.10,$94.52,"$118,314,142","$385,488,439"
895,Compound,COMP,"Nov 08, 2020",$101.08,$91.56,$92.42,$97.10,"$122,067,476","$395,656,269"
896,Compound,COMP,"Nov 07, 2020",$111.34,$90.61,$95.66,$92.42,"$173,329,061","$376,443,346"
897,Compound,COMP,"Nov 06, 2020",$99.60,$89.02,$91.32,$95.66,"$141,651,609","$389,489,228"
898,Compound,COMP,"Nov 05, 2020",$93.01,$83.44,$88.59,$91.32,"$111,521,857","$371,253,876"
899,Compound,COMP,"Nov 04, 2020",$88.85,$82.02,$87.64,$88.59,"$115,743,318","$360,028,429"
900,Compound,COMP,"Nov 03, 2020",$92.05,$81.36,$91.93,$87.64,"$96,016,795","$355,950,262"
901,Compound,COMP,"Nov 02, 2020",$97.89,$89.98,$93.51,$91.93,"$85,880,850","$373,231,551"
902,Compound,COMP,"Nov 01, 2020",$94.74,$89.56,$91.26,$93.51,"$69,144,852","$379,435,220"
903,Compound,COMP,"Oct 31, 2020",$94.45,$89.86,$92.12,$91.26,"$87,653,863","$370,169,805"
904,Compound,COMP,"Oct 30, 2020",$98.15,$88.59,$96.63,$92.12,"$118,573,314","$373,549,451"
905,Compound,COMP,"Oct 29, 2020",$111.66,$93.86,$107.60,$96.63,"$124,251,785","$391,350,888"
906,Compound,COMP,"Oct 28, 2020",$119.19,$104.90,$109.24,$107.60,"$164,094,280","$435,541,557"
907,Compound,COMP,"Oct 27, 2020",$111.56,$100.11,$100.49,$109.24,"$157,593,944","$442,048,771"
908,Compound,COMP,"Oct 26, 2020",$104.22,$99.04,$101.26,$100.49,"$105,152,226","$406,470,613"
909,Compound,COMP,"Oct 25, 2020",$105.32,$101.10,$105.29,$101.26,"$69,603,242","$336,146,400"
910,Compound,COMP,"Oct 24, 2020",$107.25,$101.06,$103.47,$105.29,"$81,673,662","$349,525,034"
911,Compound,COMP,"Oct 23, 2020",$106.17,$99.93,$101.71,$103.47,"$114,291,856","$343,488,801"
912,Compound,COMP,"Oct 22, 2020",$101.62,$95.59,$95.59,$101.26,"$116,586,002","$336,167,045"
913,Compound,COMP,"Oct 21, 2020",$98.13,$93.41,$95.06,$95.69,"$125,411,625","$317,665,323"
914,Compound,COMP,"Oct 20, 2020",$103.87,$93.62,$103.87,$95.09,"$98,891,426","$315,687,637"
915,Compound,COMP,"Oct 19, 2020",$105.97,$102.93,$105.24,$103.86,"$67,066,062","$344,787,615"
916,Compound,COMP,"Oct 18, 2020",$107.48,$102.95,$103.45,$105.20,"$56,898,163","$349,226,701"
917,Compound,COMP,"Oct 17, 2020",$104.96,$102.44,$103.41,$103.58,"$51,994,006","$343,865,656"
918,Compound,COMP,"Oct 16, 2020",$107.13,$101.09,$107.08,$103.22,"$88,643,945","$342,677,933"
919,Compound,COMP,"Oct 15, 2020",$109.30,$105.79,$107.65,$106.92,"$85,209,927","$273,859,412"
920,Compound,COMP,"Oct 14, 2020",$116.14,$106.43,$115.22,$107.69,"$99,972,341","$275,824,304"
921,Compound,COMP,"Oct 13, 2020",$119.06,$113.32,$117.20,$115.23,"$81,136,127","$295,124,574"
922,Compound,COMP,"Oct 12, 2020",$120.59,$113.05,$115.74,$117.58,"$79,486,706","$301,150,160"
923,Compound,COMP,"Oct 11, 2020",$117.06,$111.66,$114.16,$115.75,"$62,853,526","$296,460,284"
924,Compound,COMP,"Oct 10, 2020",$119.11,$113.46,$115.34,$113.93,"$99,829,317","$291,798,753"
925,Compound,COMP,"Oct 09, 2020",$117.03,$103.89,$108.33,$115.69,"$127,532,450","$296,314,109"
926,Compound,COMP,"Oct 08, 2020",$113.90,$103.26,$110.54,$107.90,"$115,181,404","$276,360,949"
927,Compound,COMP,"Oct 07, 2020",$111.02,$102.48,$105.68,$110.55,"$115,351,532","$283,147,519"
928,Compound,COMP,"Oct 06, 2020",$123.22,$102.17,$122.26,$105.66,"$110,893,338","$270,619,212"
929,Compound,COMP,"Oct 05, 2020",$124.46,$118.18,$119.73,$122.39,"$73,787,685","$313,467,412"
930,Compound,COMP,"Oct 04, 2020",$122.49,$117.66,$121.06,$119.59,"$56,742,258","$306,290,753"
931,Compound,COMP,"Oct 03, 2020",$125.55,$120.27,$120.57,$121.00,"$51,543,059","$309,905,604"
932,Compound,COMP,"Oct 02, 2020",$130.62,$117.12,$129.42,$120.57,"$90,203,711","$308,810,562"
933,Compound,COMP,"Oct 01, 2020",$140.19,$125.67,$133.79,$129.36,"$80,564,491","$331,323,580"
934,Compound,COMP,"Sep 30, 2020",$136.40,$131.26,$133.08,$133.44,"$76,253,436","$341,770,556"
935,Compound,COMP,"Sep 29, 2020",$134.72,$128.41,$131.65,$132.73,"$62,947,119","$339,951,704"
936,Compound,COMP,"Sep 28, 2020",$141.53,$131.43,$138.94,$131.70,"$88,842,773","$337,323,533"
937,Compound,COMP,"Sep 27, 2020",$147.20,$136.59,$144.70,$138.88,"$53,035,764","$355,714,096"
938,Compound,COMP,"Sep 26, 2020",$146.92,$137.26,$139.76,$144.92,"$62,642,458","$371,193,005"
939,Compound,COMP,"Sep 25, 2020",$143.89,$133.75,$138.80,$140.00,"$78,274,696","$358,583,737"
940,Compound,COMP,"Sep 24, 2020",$140.81,$126.47,$127.60,$139.10,"$85,635,446","$356,277,894"
941,Compound,COMP,"Sep 23, 2020",$146.63,$125.49,$143.75,$127.37,"$105,496,688","$326,229,672"
942,Compound,COMP,"Sep 22, 2020",$145.82,$128.23,$129.46,$143.98,"$104,063,137","$368,768,656"
943,Compound,COMP,"Sep 21, 2020",$146.22,$126.32,$144.86,$129.08,"$115,059,694","$330,606,167"
944,Compound,COMP,"Sep 20, 2020",$153.23,$140.86,$152.55,$144.86,"$92,820,990","$371,030,965"
945,Compound,COMP,"Sep 19, 2020",$156.56,$151.33,$154.13,$152.40,"$96,048,623","$390,338,110"
946,Compound,COMP,"Sep 18, 2020",$167.96,$151.62,$157.99,$153.74,"$140,621,478","$393,759,076"
947,Compound,COMP,"Sep 17, 2020",$161.16,$147.66,$153.71,$158.01,"$157,215,168","$404,700,438"
948,Compound,COMP,"Sep 16, 2020",$155.44,$148.06,$155.00,$153.71,"$108,727,844","$393,682,137"
949,Compound,COMP,"Sep 15, 2020",$169.85,$152.68,$166.38,$155.09,"$102,003,182","$397,240,975"
950,Compound,COMP,"Sep 14, 2020",$171.41,$160.36,$164.56,$166.38,"$121,566,393","$426,154,061"
951,Compound,COMP,"Sep 13, 2020",$184.92,$162.52,$180.38,$164.57,"$144,302,836","$421,498,137"
952,Compound,COMP,"Sep 12, 2020",$180.79,$170.38,$173.80,$180.20,"$120,660,820","$461,537,453"
953,Compound,COMP,"Sep 11, 2020",$178.63,$162.95,$172.00,$173.30,"$135,459,649","$443,879,997"
954,Compound,COMP,"Sep 10, 2020",$188.47,$170.86,$178.37,$172.02,"$98,291,441","$440,590,811"
955,Compound,COMP,"Sep 09, 2020",$184.88,$167.67,$173.94,$178.25,"$101,248,013","$456,547,991"
956,Compound,COMP,"Sep 08, 2020",$183.60,$168.28,$178.61,$173.95,"$109,948,794","$445,523,988"
957,Compound,COMP,"Sep 07, 2020",$179.38,$155.29,$172.33,$178.96,"$145,409,877","$458,375,803"
958,Compound,COMP,"Sep 06, 2020",$177.82,$146.55,$158.21,$172.10,"$125,303,750","$440,799,394"
959,Compound,COMP,"Sep 05, 2020",$197.14,$152.00,$188.23,$158.16,"$140,308,095","$405,083,760"
960,Compound,COMP,"Sep 04, 2020",$201.32,$181.85,$189.30,$188.38,"$158,792,245","$482,499,211"
961,Compound,COMP,"Sep 03, 2020",$242.93,$185.30,$226.56,$187.74,"$211,693,686","$480,848,352"
962,Compound,COMP,"Sep 02, 2020",$257.67,$205.95,$257.67,$225.45,"$182,349,805","$577,430,491"
963,Compound,COMP,"Sep 01, 2020",$270.80,$237.44,$245.89,$257.91,"$258,544,816","$660,579,686"
964,Compound,COMP,"Aug 31, 2020",$249.43,$209.82,$216.57,$245.92,"$158,099,923","$629,867,028"
965,Compound,COMP,"Aug 30, 2020",$224.23,$193.19,$194.36,$217.01,"$137,297,824","$555,834,639"
966,Compound,COMP,"Aug 29, 2020",$200.06,$185.94,$189.37,$194.85,"$83,110,709","$499,073,987"
967,Compound,COMP,"Aug 28, 2020",$202.38,$169.94,$171.46,$189.29,"$119,502,143","$484,812,017"
968,Compound,COMP,"Aug 27, 2020",$180.53,$166.27,$179.99,$171.43,"$85,097,296","$439,085,372"
969,Compound,COMP,"Aug 26, 2020",$185.87,$162.67,$165.99,$180.28,"$119,415,738","$461,759,182"
970,Compound,COMP,"Aug 25, 2020",$187.97,$162.94,$181.21,$165.92,"$107,931,562","$424,966,488"
971,Compound,COMP,"Aug 24, 2020",$188.19,$167.06,$169.34,$181.57,"$84,430,415","$465,060,721"
972,Compound,COMP,"Aug 23, 2020",$175.47,$165.01,$174.02,$169.36,"$57,786,997","$433,778,138"
973,Compound,COMP,"Aug 22, 2020",$175.22,$161.43,$170.15,$174.30,"$67,046,442","$446,422,904"
974,Compound,COMP,"Aug 21, 2020",$189.87,$163.82,$180.00,$170.16,"$105,665,214","$435,828,628"
975,Compound,COMP,"Aug 20, 2020",$186.53,$178.11,$182.64,$179.95,"$73,881,091","$460,906,365"
976,Compound,COMP,"Aug 19, 2020",$210.47,$178.72,$187.01,$182.64,"$162,418,437","$467,780,310"
977,Compound,COMP,"Aug 18, 2020",$189.96,$175.10,$185.10,$186.65,"$103,479,152","$478,073,427"
978,Compound,COMP,"Aug 17, 2020",$202.43,$183.97,$201.12,$185.05,"$105,614,393","$473,970,394"
979,Compound,COMP,"Aug 16, 2020",$206.62,$192.79,$196.69,$201.12,"$82,380,601","$515,113,840"
980,Compound,COMP,"Aug 15, 2020",$211.18,$187.82,$196.44,$196.68,"$115,715,312","$503,749,771"
981,Compound,COMP,"Aug 14, 2020",$217.74,$192.92,$207.60,$196.44,"$134,991,189","$503,144,953"
982,Compound,COMP,"Aug 13, 2020",$233.85,$186.89,$219.88,$207.18,"$296,332,378","$530,651,262"
983,Compound,COMP,"Aug 12, 2020",$264.59,$192.97,$196.13,$219.68,"$463,051,304","$562,668,349"
984,Compound,COMP,"Aug 11, 2020",$197.91,$155.47,$176.76,$196.03,"$144,570,805","$502,094,357"
985,Compound,COMP,"Aug 10, 2020",$186.48,$170.25,$171.24,$176.84,"$85,912,985","$452,928,574"
986,Compound,COMP,"Aug 09, 2020",$175.13,$149.17,$152.66,$171.24,"$80,105,526","$438,599,331"
987,Compound,COMP,"Aug 08, 2020",$160.00,$148.55,$154.73,$152.38,"$62,244,587","$390,279,911"
988,Compound,COMP,"Aug 07, 2020",$156.34,$136.65,$136.79,$154.63,"$86,044,115","$396,039,844"
989,Compound,COMP,"Aug 06, 2020",$142.29,$133.21,$135.36,$136.80,"$44,097,491","$350,374,929"
990,Compound,COMP,"Aug 05, 2020",$141.22,$129.39,$131.93,$135.51,"$50,026,541","$347,083,151"
991,Compound,COMP,"Aug 04, 2020",$133.04,$126.86,$127.29,$131.96,"$27,843,341","$337,988,935"
992,Compound,COMP,"Aug 03, 2020",$131.82,$125.53,$127.07,$127.24,"$28,230,756","$325,887,372"
993,Compound,COMP,"Aug 02, 2020",$138.36,$121.65,$137.55,$127.14,"$55,605,504","$325,638,377"
994,Compound,COMP,"Aug 01, 2020",$143.21,$134.58,$134.86,$137.35,"$52,198,170","$351,792,456"
995,Compound,COMP,"Jul 31, 2020",$139.14,$129.62,$133.19,$134.59,"$45,078,746","$344,725,386"
996,Compound,COMP,"Jul 30, 2020",$134.62,$131.85,$133.49,$133.19,"$27,981,225","$341,124,003"
997,Compound,COMP,"Jul 29, 2020",$138.96,$131.87,$136.25,$133.51,"$26,454,264","$341,946,263"
998,Compound,COMP,"Jul 28, 2020",$139.98,$130.74,$136.19,$136.14,"$40,352,678","$348,686,041"
999,Compound,COMP,"Jul 27, 2020",$157.89,$125.17,$157.28,$136.36,"$68,435,527","$349,260,522"
1000,Compound,COMP,"Jul 26, 2020",$162.51,$154.46,$155.49,$157.28,"$44,366,553","$402,850,589"
1001,Compound,COMP,"Jul 25, 2020",$157.06,$154.00,$154.65,$155.57,"$28,977,418","$398,452,271"
1002,Compound,COMP,"Jul 24, 2020",$157.78,$154.36,$156.43,$154.64,"$26,708,951","$396,075,517"
1003,Compound,COMP,"Jul 23, 2020",$161.95,$155.99,$158.04,$156.93,"$34,201,875","$401,951,841"
1004,Compound,COMP,"Jul 22, 2020",$159.56,$154.17,$159.49,$158.05,"$31,963,640","$404,812,996"
1005,Compound,COMP,"Jul 21, 2020",$161.54,$157.56,$158.33,$159.47,"$28,531,718","$408,459,335"
1006,Compound,COMP,"Jul 20, 2020",$173.10,$156.83,$163.04,$158.39,"$52,375,367","$405,677,156"
1007,Compound,COMP,"Jul 19, 2020",$164.26,$159.85,$163.59,$162.87,"$23,593,828","$417,160,252"
1008,Compound,COMP,"Jul 18, 2020",$167.83,$161.23,$167.22,$163.57,"$31,776,769","$418,946,471"
1009,Compound,COMP,"Jul 17, 2020",$175.99,$154.42,$154.92,$167.38,"$51,044,838","$428,699,020"
1010,Compound,COMP,"Jul 16, 2020",$162.87,$153.12,$160.49,$155.00,"$30,070,432","$396,998,179"
1011,Compound,COMP,"Jul 15, 2020",$167.17,$160.00,$163.86,$160.45,"$23,272,285","$410,949,264"
1012,Compound,COMP,"Jul 14, 2020",$166.67,$160.56,$166.23,$163.78,"$39,831,101","$419,490,605"
1013,Compound,COMP,"Jul 13, 2020",$178.10,$160.90,$175.92,$165.68,"$58,682,876","$424,361,991"
1014,Compound,COMP,"Jul 12, 2020",$183.06,$175.06,$178.26,$175.92,"$59,251,349","$450,577,922"
1015,Compound,COMP,"Jul 11, 2020",$184.18,$174.00,$175.48,$178.01,"$61,817,291","$455,930,438"
1016,Compound,COMP,"Jul 10, 2020",$180.85,$173.04,$180.69,$175.50,"$61,531,023","$449,515,676"
1017,Compound,COMP,"Jul 09, 2020",$187.99,$177.12,$184.46,$180.54,"$66,264,297","$462,407,812"
1018,Compound,COMP,"Jul 08, 2020",$187.87,$181.64,$186.15,$184.58,"$74,382,380","$472,771,134"
1019,Compound,COMP,"Jul 07, 2020",$194.92,$185.18,$194.92,$186.15,"$154,696,110","$476,785,248"
1020,Compound,COMP,"Jul 06, 2020",$206.84,$190.56,$206.84,$194.81,"$54,385,801","$498,972,438"
1021,Compound,COMP,"Jul 05, 2020",$214.16,$177.99,$180.34,$207.32,"$160,800,981","$531,013,657"
1022,Compound,COMP,"Jul 04, 2020",$190.88,$164.21,$176.95,$180.42,"$35,742,627","$462,101,930"
1023,Compound,COMP,"Jul 03, 2020",$182.24,$176.04,$177.32,$177.03,"$121,075,952","$453,435,857"
1024,Compound,COMP,"Jul 02, 2020",$197.70,$176.23,$196.02,$177.27,"$231,016,434","$454,043,372"
1025,Compound,COMP,"Jul 01, 2020",$219.32,$195.89,$217.66,$196.18,"$164,479,766","$502,469,676"
1026,Compound,COMP,"Jun 30, 2020",$245.14,$215.22,$232.53,$216.82,"$132,851,148","$555,330,185"
1027,Compound,COMP,"Jun 29, 2020",$245.17,$231.70,$243.89,$233.12,"$67,858,922","$597,087,536"
1028,Compound,COMP,"Jun 28, 2020",$251.28,$228.33,$231.86,$243.89,"$12,412,915","$624,658,313"
1029,Compound,COMP,"Jun 27, 2020",$262.95,$228.17,$261.43,$231.86,"$17,059,562","$593,858,819"
1030,Compound,COMP,"Jun 26, 2020",$267.07,$227.64,$227.76,$261.41,"$27,085,665","$669,550,342"
1031,Compound,COMP,"Jun 25, 2020",$245.48,$201.96,$207.77,$230.97,"$29,865,095","$591,585,957"
1032,Compound,COMP,"Jun 24, 2020",$245.62,$192.54,$243.23,$209.82,"$12,471,939","$537,403,873"
1033,Compound,COMP,"Jun 23, 2020",$351.65,$231.26,$279.46,$244.31,"$14,270,537","$625,738,736"
1034,Compound,COMP,"Jun 22, 2020",$340.78,$233.37,$335.82,$280.38,"$3,874,898","$718,141,201"
1035,Compound,COMP,"Jun 21, 2020",$381.89,$258.86,$258.86,$337.05,"$5,231,225","$863,271,492"
1036,Compound,COMP,"Jun 20, 2020",$264.11,$197.41,$224.67,$258.91,"$2,030,189","$663,144,906"
1037,Compound,COMP,"Jun 19, 2020",$241.84,$143.39,$143.39,$224.55,"$2,524,624","$575,122,920"
1038,Compound,COMP,"Jun 18, 2020",$176.59,$61.27,$64.27,$148.67,"$1,443,325",$0
1039,Compound,COMP,"Jun 17, 2020",$113.04,$61.59,$93.27,$64.64,"$175,376",$0
1040,Compound,COMP,"Jun 16, 2020",$102.15,$89.07,$101.65,$93.20,"$25,790",$0